tickMs,frameSerial,sensorSampleTime,qx,qy,qz,qw
58838718,19667,58822.209524972,-0.10808256,-0.14290817,0.00421905,-0.98380774
58838734,19668,58838.793853592,-0.10811196,-0.14284250,0.00421811,-0.98381406
58838750,19669,58838.821631492,-0.10811238,-0.14285584,0.00425234,-0.98381191
58838765,19670,58838.835520592,-0.10816820,-0.14289542,0.00423854,-0.98380011
58838781,19671,58838.849409592,-0.10813226,-0.14285482,0.00427329,-0.98380983
58838796,19672,58838.863298492,-0.10813487,-0.14286487,0.00424429,-0.98380816
58838812,19673,58838.875854863,-0.10813538,-0.14286554,0.00424471,-0.98380798
58838828,19674,58838.889743863,-0.10807782,-0.14289665,0.00422383,-0.98380989
58838843,19675,58838.903632863,-0.10807584,-0.14282794,0.00425674,-0.98382002
58838843,19676,58838.917522063,-0.10811625,-0.14284413,0.00418412,-0.98381346
58838859,19677,58838.931411263,-0.10813529,-0.14288054,0.00423043,-0.98380589
58838875,19678,58838.945300263,-0.10813572,-0.14285833,0.00422402,-0.98380911
58838906,19679,58838.959189363,-0.10811006,-0.14286804,0.00421172,-0.98381066
58838921,19680,58838.986967463,-0.10810730,-0.14286976,0.00420683,-0.98381072
58838937,19681,58839.000856563,-0.10811294,-0.14290957,0.00416476,-0.98380446
58838953,19682,58839.014745463,-0.10813395,-0.14283217,0.00423265,-0.98381305
58838968,19683,58839.028634363,-0.10807785,-0.14286476,0.00422809,-0.98381454
58838968,19684,58839.042523463,-0.10807761,-0.14290527,0.00421229,-0.98380876
58838984,19685,58839.056412463,-0.10812417,-0.14289357,0.00427495,-0.98380506
58839000,19686,58839.070301363,-0.10813553,-0.14284579,0.00423262,-0.98381090
58839015,19687,58839.084190363,-0.10810519,-0.14287695,0.00420855,-0.98380989
58839031,19688,58839.098079463,-0.10810085,-0.14284995,0.00422853,-0.98381412
58839046,19689,58839.111968663,-0.10813953,-0.14285243,0.00419594,-0.98380971
58839062,19690,58839.125857663,-0.10811542,-0.14288108,0.00417131,-0.98380822
58839078,19691,58839.139746663,-0.10811677,-0.14285509,0.00416767,-0.98381186
58839093,19692,58839.153635863,-0.10808193,-0.14290302,0.00420003,-0.98380870
58839125,19693,58839.167524863,-0.10808337,-0.14288297,0.00420195,-0.98381144
58839140,19694,58839.204516463,-0.10813345,-0.14285366,0.00423234,-0.98380995
58839156,19695,58839.218405363,-0.10810664,-0.14288273,0.00423103,-0.98380876
58839156,19696,58839.232294363,-0.10811464,-0.14289638,0.00418676,-0.98380607
58839171,19697,58839.246183563,-0.10807839,-0.14296520,0.00425224,-0.98379976
58839187,19698,58839.260072763,-0.10810689,-0.14290904,0.00424311,-0.98380488
58839203,19699,58839.273961863,-0.10813737,-0.14288543,0.00424159,-0.98380494
58839218,19700,58839.287850763,-0.10807984,-0.14287958,0.00423058,-0.98381215
58839234,19701,58839.301739863,-0.10814185,-0.14286534,0.00420494,-0.98380750
58839250,19702,58839.315628963,-0.10813700,-0.14294292,0.00422343,-0.98379672
58839265,19703,58839.329518063,-0.10813226,-0.14285153,0.00424008,-0.98381042
58839281,19704,58839.343406963,-0.10807335,-0.14286970,0.00426056,-0.98381424
58839296,19705,58839.357295963,-0.10807895,-0.14287962,0.00423702,-0.98381227
58839312,19706,58839.371184963,-0.10807825,-0.14288235,0.00421602,-0.98381197
58839312,19707,58839.385074163,-0.10809601,-0.14290218,0.00425088,-0.98380703
58839328,19708,58839.398963163,-0.10807538,-0.14288245,0.00421949,-0.98381233
58839343,19709,58839.412852063,-0.10806818,-0.14290687,0.00424930,-0.98380941
58839359,19710,58839.426741663,-0.10812092,-0.14288105,0.00425529,-0.98380738
58839375,19711,58839.440630663,-0.10810416,-0.14289567,0.00419562,-0.98380727
58839390,19712,58839.454519663,-0.10807312,-0.14288941,0.00421832,-0.98381156
58839406,19713,58839.468408863,-0.10809348,-0.14285225,0.00426591,-0.98381448
58839421,19714,58839.482297963,-0.10810740,-0.14287549,0.00415878,-0.98381007
58839437,19715,58839.496187063,-0.10807279,-0.14288415,0.00421196,-0.98381233
58839437,19716,58839.510076263,-0.10809771,-0.14288810,0.00421489,-0.98380899
58839453,19717,58839.523965363,-0.10809934,-0.14287752,0.00423530,-0.98381037
58839468,19718,58839.537854463,-0.10806369,-0.14284885,0.00424414,-0.98381829
58839484,19719,58839.551743463,-0.10806607,-0.14288016,0.00422665,-0.98381358
58839500,19720,58839.565632363,-0.10809477,-0.14288726,0.00421211,-0.98380947
58839515,19721,58839.579521263,-0.10809171,-0.14289522,0.00426997,-0.98380840
58839531,19722,58839.593410263,-0.10809880,-0.14287797,0.00421175,-0.98381037
58839546,19723,58839.607299263,-0.10812147,-0.14287281,0.00424397,-0.98380852
58839562,19724,58839.621188263,-0.10807023,-0.14287631,0.00421249,-0.98381370
58839578,19725,58839.635077463,-0.10810007,-0.14291398,0.00419334,-0.98380506
58839578,19726,58839.648966363,-0.10809774,-0.14290306,0.00424755,-0.98380667
58839593,19727,58839.662855463,-0.10807317,-0.14288773,0.00421120,-0.98381180
58839609,19728,58839.676744563,-0.10809409,-0.14285597,0.00423011,-0.98381406
58839625,19729,58839.690633663,-0.10809626,-0.14287449,0.00426372,-0.98381096
58839640,19730,58839.704522663,-0.10805720,-0.14289989,0.00427521,-0.98381144
58839656,19731,58839.718411763,-0.10807179,-0.14288585,0.00421667,-0.98381215
58839671,19732,58839.732300763,-0.10809145,-0.14286397,0.00419448,-0.98381335
58839671,19733,58839.746189763,-0.10805728,-0.14290774,0.00422921,-0.98381054
58839687,19734,58839.760078663,-0.10807950,-0.14284159,0.00427269,-0.98381758
58839718,19735,58839.773967563,-0.10805092,-0.14292097,0.00426963,-0.98380917
58839718,19736,58839.787856663,-0.10811269,-0.14284492,0.00421432,-0.98381364
58839734,19737,58839.801745863,-0.10812943,-0.14287072,0.00431824,-0.98380762
58839750,19738,58839.815635063,-0.10806327,-0.14284950,0.00418857,-0.98381847
58839765,19739,58839.829523963,-0.10805144,-0.14285654,0.00424729,-0.98381853
58839781,19740,58839.843412863,-0.10807106,-0.14282669,0.00427394,-0.98382056
58839781,19741,58839.857302063,-0.10806159,-0.14290683,0.00431753,-0.98380983
58839796,19742,58839.871267639,-0.10806414,-0.14288995,0.00427554,-0.98381215
58839812,19743,58839.885156639,-0.10806096,-0.14282902,0.00432818,-0.98382109
58839828,19744,58839.899045639,-0.10803520,-0.14289117,0.00428034,-0.98381513
58839843,19745,58839.912934539,-0.10803141,-0.14288633,0.00430498,-0.98381615
58839859,19746,58839.926823439,-0.10806441,-0.14287055,0.00425011,-0.98381507
58839875,19747,58839.940712439,-0.10806630,-0.14283401,0.00427351,-0.98382014
58839890,19748,58839.954601639,-0.10806721,-0.14286135,0.00427995,-0.98381597
58839906,19749,58839.968490839,-0.10809443,-0.14286421,0.00429024,-0.98381257
58839921,19750,58839.982379939,-0.10804176,-0.14285916,0.00429617,-0.98381901
58839937,19751,58839.996269039,-0.10807189,-0.14289658,0.00427961,-0.98381042
58839937,19752,58840.010158139,-0.10807764,-0.14290379,0.00425765,-0.98380876
58839953,19753,58840.024047139,-0.10808565,-0.14290959,0.00423868,-0.98380709
58839968,19754,58840.037936339,-0.10808291,-0.14294025,0.00424143,-0.98380297
58839984,19755,58840.051825439,-0.10808406,-0.14285868,0.00427722,-0.98381454
58840000,19756,58840.065714539,-0.10808242,-0.14290886,0.00428177,-0.98380738
58840015,19757,58840.079603739,-0.10809073,-0.14292531,0.00423110,-0.98380429
58840031,19758,58840.093492739,-0.10809163,-0.14286371,0.00427067,-0.98381299
58840046,19759,58840.107381939,-0.10812327,-0.14289989,0.00425252,-0.98380435
58840062,19760,58840.121271039,-0.10810409,-0.14287525,0.00421913,-0.98381013
58840078,19761,58840.135159939,-0.10812785,-0.14289571,0.00423048,-0.98380446
58840078,19762,58840.149049039,-0.10808959,-0.14290124,0.00433292,-0.98380750
58840093,19763,58840.162938139,-0.10806701,-0.14288178,0.00429889,-0.98381293
58840109,19764,58840.176827339,-0.10809676,-0.14292818,0.00422795,-0.98380327
58840125,19765,58840.190716339,-0.10814267,-0.14290619,0.00422549,-0.98380142
58840140,19766,58840.204605539,-0.10811596,-0.14286588,0.00426722,-0.98380995
58840156,19767,58840.218494639,-0.10811329,-0.14294617,0.00426077,-0.98379868
58840171,19768,58840.232383839,-0.10806157,-0.14286993,0.00426856,-0.98381537
58840187,19769,58840.246272939,-0.10806077,-0.14290319,0.00421800,-0.98381090
58840203,19770,58840.260161839,-0.10807946,-0.14287195,0.00422065,-0.98381335
58840203,19771,58840.274050739,-0.10804665,-0.14285444,0.00426523,-0.98381931
58840218,19772,58840.287939639,-0.10809094,-0.14285193,0.00429532,-0.98381466
58840234,19773,58840.301828539,-0.10808094,-0.14287506,0.00421750,-0.98381281
58840250,19774,58840.315717539,-0.10808092,-0.14290144,0.00422455,-0.98380893
58840265,19775,58840.329606539,-0.10805622,-0.14289604,0.00423944,-0.98381239
58840281,19776,58840.343495639,-0.10804950,-0.14291507,0.00427333,-0.98381019
58840296,19777,58840.357384539,-0.10807209,-0.14288735,0.00427146,-0.98381168
58840312,19778,58840.371273739,-0.10812374,-0.14288126,0.00430914,-0.98380679
58840328,19779,58840.385162739,-0.10805343,-0.14291346,0.00426190,-0.98381001
58840328,19780,58840.399051739,-0.10808510,-0.14291909,0.00424353,-0.98380578
58840343,19781,58840.412940739,-0.10807947,-0.14288306,0.00425740,-0.98381156
58840359,19782,58840.426829739,-0.10811042,-0.14291300,0.00426918,-0.98380375
58840375,19783,58840.440718939,-0.10805283,-0.14287789,0.00430738,-0.98381501
58840390,19784,58840.454608139,-0.10808468,-0.14286731,0.00425317,-0.98381329
58840406,19785,58840.468497139,-0.10810295,-0.14289683,0.00428509,-0.98380685
58840421,19786,58840.482386039,-0.10804223,-0.14291546,0.00428807,-0.98381078
58840437,19787,58840.496275039,-0.10804512,-0.14285772,0.00430126,-0.98381883
58840453,19788,58840.510163939,-0.10804877,-0.14293209,0.00423776,-0.98380786
58840453,19789,58840.524053039,-0.10804734,-0.14288571,0.00430479,-0.98381454
58840468,19790,58840.537942239,-0.10807477,-0.14285785,0.00430318,-0.98381549
58840484,19791,58840.551831239,-0.10805121,-0.14294866,0.00426741,-0.98380506
58840500,19792,58840.565720139,-0.10812761,-0.14288047,0.00431653,-0.98380637
58840515,19793,58840.579609239,-0.10805436,-0.14288950,0.00425071,-0.98381346
58840531,19794,58840.593498239,-0.10807873,-0.14292213,0.00425572,-0.98380595
58840546,19795,58840.607387239,-0.10807575,-0.14291880,0.00427689,-0.98380667
58840562,19796,58840.621276339,-0.10808481,-0.14286652,0.00423840,-0.98381352
58840578,19797,58840.635165439,-0.10806105,-0.14294335,0.00425338,-0.98380482
58840578,19798,58840.649054339,-0.10806168,-0.14288174,0.00426889,-0.98381364
58840593,19799,58840.662943239,-0.10806087,-0.14287516,0.00426792,-0.98381478
58840609,19800,58840.676832339,-0.10808963,-0.14288151,0.00423962,-0.98381072
58840625,19801,58840.690721539,-0.10808802,-0.14285018,0.00425668,-0.98381537
58840640,19802,58840.704610739,-0.10808673,-0.14289556,0.00427212,-0.98380888
58840656,19803,58840.718499839,-0.10809006,-0.14290245,0.00425483,-0.98380756
58840671,19804,58840.732388839,-0.10808524,-0.14282608,0.00433174,-0.98381883
58840687,19805,58840.746278039,-0.10805962,-0.14283054,0.00430985,-0.98382109
58840687,19806,58840.760167039,-0.10808872,-0.14286058,0.00429393,-0.98381358
58840703,19807,58840.774056039,-0.10806042,-0.14286877,0.00427032,-0.98381567
58840718,19808,58840.787945039,-0.10805438,-0.14289705,0.00427081,-0.98381221
58840734,19809,58840.801834039,-0.10804587,-0.14291906,0.00430119,-0.98380983
58840750,19810,58840.815723139,-0.10807373,-0.14286947,0.00428431,-0.98381406
58840765,19811,58840.829612039,-0.10810748,-0.14287557,0.00426863,-0.98380959
58840781,19812,58840.843500939,-0.10810459,-0.14292453,0.00428489,-0.98380262
58840796,19813,58840.857390139,-0.10807802,-0.14291809,0.00434009,-0.98380625
58840796,19814,58840.870655056,-0.10809713,-0.14291829,0.00434294,-0.98380417
58840812,19815,58840.884544156,-0.10805513,-0.14287996,0.00427168,-0.98381460
58840828,19816,58840.898433356,-0.10807198,-0.14283688,0.00432000,-0.98381883
58840843,19817,58840.912322356,-0.10813355,-0.14288291,0.00425642,-0.98380566
58840859,19818,58840.926211356,-0.10808659,-0.14287432,0.00426693,-0.98381203
58840875,19819,58840.940100356,-0.10811844,-0.14284524,0.00426741,-0.98381281
58840890,19820,58840.953989356,-0.10811710,-0.14284052,0.00427058,-0.98381352
58840906,19821,58840.967878456,-0.10805894,-0.14288414,0.00430473,-0.98381352
58840906,19822,58840.981767556,-0.10806137,-0.14284083,0.00427684,-0.98381960
58840921,19823,58840.995656756,-0.10805157,-0.14282751,0.00430796,-0.98382246
58840937,19824,58841.009545856,-0.10806873,-0.14287306,0.00434238,-0.98381382
58840953,19825,58841.023434856,-0.10807250,-0.14289379,0.00429506,-0.98381060
58840968,19826,58841.037324056,-0.10804563,-0.14286155,0.00431104,-0.98381823
58840984,19827,58841.051213256,-0.10808297,-0.14289974,0.00426601,-0.98380870
58841000,19828,58841.065102156,-0.10809407,-0.14282370,0.00435838,-0.98381811
58841015,19829,58841.078991256,-0.10812873,-0.14283629,0.00430516,-0.98381275
58841031,19830,58841.092880356,-0.10805091,-0.14286812,0.00427966,-0.98381680
58841046,19831,58841.106769456,-0.10808145,-0.14283364,0.00430495,-0.98381829
58841046,19832,58841.120658556,-0.10806431,-0.14288208,0.00428829,-0.98381323
58841062,19833,58841.134547556,-0.10809689,-0.14286752,0.00425774,-0.98381186
58841078,19834,58841.148436556,-0.10806248,-0.14288351,0.00431379,-0.98381311
58841093,19835,58841.162325456,-0.10806223,-0.14291297,0.00429580,-0.98380899
58841109,19836,58841.176214456,-0.10810286,-0.14283189,0.00427400,-0.98381633
58841125,19837,58841.190103656,-0.10813532,-0.14285474,0.00428412,-0.98380941
58841140,19838,58841.203992856,-0.10808896,-0.14286822,0.00431388,-0.98381251
58841156,19839,58841.217881856,-0.10809092,-0.14282525,0.00427799,-0.98381859
58841171,19840,58841.231770956,-0.10810798,-0.14284050,0.00434188,-0.98381424
58841187,19841,58841.245660156,-0.10812081,-0.14285922,0.00426462,-0.98381042
58841187,19842,58841.259549356,-0.10810904,-0.14286667,0.00432197,-0.98381042
58841203,19843,58841.273438256,-0.10810573,-0.14280896,0.00433909,-0.98381907
58841218,19844,58841.287327456,-0.10812803,-0.14288646,0.00435981,-0.98380536
58841234,19845,58841.301216356,-0.10814168,-0.14284869,0.00429399,-0.98380959
58841250,19846,58841.315105256,-0.10812154,-0.14283139,0.00425496,-0.98381442
58841265,19847,58841.328994356,-0.10810311,-0.14283721,0.00434022,-0.98381531
58841281,19848,58841.342883456,-0.10810994,-0.14284630,0.00432397,-0.98381323
58841296,19849,58841.358011763,-0.10813434,-0.14282037,0.00431702,-0.98381436
58841312,19850,58841.373637206,-0.10810532,-0.14287101,0.00434941,-0.98381007
58841312,19851,58841.389031630,-0.10810626,-0.14287186,0.00435199,-0.98380989
58841328,19852,58841.404129940,-0.10810149,-0.14289451,0.00435556,-0.98380703
58841343,19853,58841.418952497,-0.10807218,-0.14287712,0.00430550,-0.98381299
58841359,19854,58841.433490491,-0.10811359,-0.14285691,0.00427074,-0.98381150
58841375,19855,58841.447773072,-0.10810164,-0.14281261,0.00428791,-0.98381919
58841390,19856,58841.461758273,-0.10810091,-0.14286932,0.00433513,-0.98381090
58841406,19857,58841.475736605,-0.10806911,-0.14281805,0.00428960,-0.98382205
58841421,19858,58841.489734961,-0.10810478,-0.14281578,0.00429023,-0.98381835
58841421,19859,58841.503422529,-0.10808031,-0.14286865,0.00420264,-0.98381376
58841437,19860,58841.517114134,-0.10807025,-0.14283609,0.00428821,-0.98381925
58841453,19861,58841.530806547,-0.10819345,-0.14287417,0.00431211,-0.98380005
58841468,19862,58841.544510676,-0.10807457,-0.14288032,0.00423654,-0.98381263
58841484,19863,58841.558213422,-0.10809976,-0.14284614,0.00428629,-0.98381460
58841500,19864,58841.571928224,-0.10809068,-0.14290568,0.00430216,-0.98380691
58841515,19865,58841.585639301,-0.10809943,-0.14284764,0.00428596,-0.98381436
58841531,19866,58841.599328789,-0.10815569,-0.14284723,0.00428271,-0.98380834
58841546,19867,58841.613018604,-0.10809202,-0.14289759,0.00435020,-0.98380768
58841562,19868,58841.626712041,-0.10810231,-0.14281654,0.00426397,-0.98381871
58841562,19869,58841.640439869,-0.10809965,-0.14285712,0.00424823,-0.98381317
58841578,19870,58841.654153092,-0.10813481,-0.14283098,0.00423441,-0.98381311
58841593,19871,58841.667863977,-0.10811111,-0.14290236,0.00434314,-0.98380488
58841609,19872,58841.681572315,-0.10808228,-0.14288399,0.00430975,-0.98381090
58841625,19873,58841.695291426,-0.10810005,-0.14283063,0.00422938,-0.98381704
58841640,19874,58841.709017158,-0.10809415,-0.14288460,0.00427476,-0.98380971
58841656,19875,58841.722742938,-0.10813259,-0.14286630,0.00421869,-0.98380834
58841671,19876,58841.736465440,-0.10812201,-0.14288023,0.00428574,-0.98380715
58841687,19877,58841.750185631,-0.10815257,-0.14291480,0.00429994,-0.98379880
58841687,19878,58841.763919144,-0.10807512,-0.14286335,0.00423715,-0.98381501
58841703,19879,58841.777655088,-0.10807796,-0.14282222,0.00425932,-0.98382062
58841718,19880,58841.791402766,-0.10809972,-0.14289634,0.00432305,-0.98380709
58841734,19881,58841.805159923,-0.10808203,-0.14288314,0.00425768,-0.98381126
58841750,19882,58841.818939854,-0.10810371,-0.14287353,0.00431975,-0.98381001
58841765,19883,58841.832690328,-0.10808306,-0.14285046,0.00427983,-0.98381579
58841781,19884,58841.846433110,-0.10809469,-0.14283431,0.00421734,-0.98381710
58841796,19885,58841.860173929,-0.10814987,-0.14284387,0.00428572,-0.98380941
58841812,19886,58841.873932665,-0.10810132,-0.14285672,0.00422380,-0.98381311
58841812,19887,58841.887692345,-0.10815499,-0.14287814,0.00429244,-0.98380387
58841828,19888,58841.901459752,-0.10818906,-0.14289235,0.00424085,-0.98379821
58841843,19889,58841.915257191,-0.10812402,-0.14287069,0.00428897,-0.98380834
58841859,19890,58841.929029537,-0.10813181,-0.14284432,0.00424816,-0.98381144
58841875,19891,58841.942795040,-0.10819629,-0.14284840,0.00426372,-0.98380375
58841890,19892,58841.956569236,-0.10813971,-0.14281009,0.00427834,-0.98381549
58841906,19893,58841.970356093,-0.10814796,-0.14281505,0.00424772,-0.98381394
58841921,19894,58841.984148120,-0.10814274,-0.14287508,0.00426024,-0.98380578
58841921,19895,58841.997937252,-0.10820965,-0.14282358,0.00425089,-0.98380589
58841937,19896,58842.011735824,-0.10814767,-0.14285241,0.00425292,-0.98380852
58841953,19897,58842.025534634,-0.10814788,-0.14281297,0.00426583,-0.98381424
58841968,19898,58842.039341138,-0.10814790,-0.14287990,0.00424341,-0.98380452
58841984,19899,58842.053138153,-0.10817567,-0.14288329,0.00424733,-0.98380107
58842000,19900,58842.066932765,-0.10815421,-0.14285606,0.00424265,-0.98380738
58842015,19901,58842.080729284,-0.10818022,-0.14288703,0.00425405,-0.98379993
58842031,19902,58842.094526829,-0.10812578,-0.14286330,0.00423930,-0.98380947
58842046,19903,58842.108333098,-0.10813038,-0.14286713,0.00420820,-0.98380852
58842062,19904,58842.122135921,-0.10812577,-0.14285934,0.00424583,-0.98380995
58842078,19905,58842.135946410,-0.10821293,-0.14286214,0.00425524,-0.98379993
58842078,19906,58842.149755669,-0.10815103,-0.14285223,0.00427555,-0.98380810
58842093,19907,58842.163569954,-0.10817938,-0.14290656,0.00429479,-0.98379701
58842109,19908,58842.177385673,-0.10812127,-0.14281768,0.00429072,-0.98381633
58842125,19909,58842.191201620,-0.10811500,-0.14284497,0.00432382,-0.98381287
58842140,19910,58842.205004479,-0.10811762,-0.14282310,0.00429671,-0.98381591
58842156,19911,58842.218807410,-0.10811607,-0.14288601,0.00425626,-0.98380709
58842171,19912,58842.232626333,-0.10814378,-0.14283991,0.00422211,-0.98381090
58842171,19913,58842.246442671,-0.10812889,-0.14287934,0.00429471,-0.98380649
58842203,19914,58842.260261195,-0.10814573,-0.14283697,0.00432494,-0.98381066
58842203,19915,58842.274090365,-0.10812134,-0.14284357,0.00428714,-0.98381257
58842218,19916,58842.287915852,-0.10814910,-0.14284913,0.00426062,-0.98380882
58842234,19917,58842.301784692,-0.10811842,-0.14281166,0.00427946,-0.98381758
58842250,19918,58842.315673792,-0.10815135,-0.14287812,0.00427142,-0.98380429
58842265,19919,58842.329562792,-0.10812142,-0.14284062,0.00427991,-0.98381299
58842281,19920,58842.343451792,-0.10815766,-0.14281479,0.00424804,-0.98381293
58842281,19921,58842.357340692,-0.10813018,-0.14285213,0.00425414,-0.98381054
58842296,19922,58842.371229892,-0.10813437,-0.14288960,0.00421289,-0.98380482
58842312,19923,58842.385118892,-0.10809182,-0.14283939,0.00425778,-0.98381656
58842328,19924,58842.399007892,-0.10816850,-0.14286454,0.00429492,-0.98380429
58842343,19925,58842.412896892,-0.10811708,-0.14284416,0.00426311,-0.98381305
58842359,19926,58842.426785992,-0.10809837,-0.14285453,0.00419878,-0.98381394
58842375,19927,58842.440675092,-0.10811710,-0.14283887,0.00425550,-0.98381388
58842390,19928,58842.454564192,-0.10815209,-0.14285512,0.00420574,-0.98380792
58842406,19929,58842.468453292,-0.10811426,-0.14280653,0.00427257,-0.98381877
58842421,19930,58842.482342492,-0.10811904,-0.14284210,0.00425025,-0.98381323
58842421,19931,58842.496231392,-0.10809433,-0.14284472,0.00424282,-0.98381555
58842437,19932,58842.510120492,-0.10812449,-0.14284137,0.00427407,-0.98381257
58842453,19933,58842.524009592,-0.10812803,-0.14281483,0.00427513,-0.98381609
58842468,19934,58842.537898592,-0.10809505,-0.14289907,0.00426415,-0.98380750
58842484,19935,58842.551787592,-0.10809413,-0.14284836,0.00425104,-0.98381507
58842500,19936,58842.565676492,-0.10814789,-0.14282957,0.00425157,-0.98381180
58842515,19937,58842.579565492,-0.10812155,-0.14288488,0.00428712,-0.98380661
58842531,19938,58842.593454492,-0.10817334,-0.14282441,0.00433477,-0.98380941
58842546,19939,58842.607343492,-0.10818986,-0.14284006,0.00425318,-0.98380566
58842562,19940,58842.621232492,-0.10812628,-0.14283143,0.00430000,-0.98381370
58842562,19941,58842.635121392,-0.10813022,-0.14291939,0.00426825,-0.98380065
58842578,19942,58842.649010492,-0.10809987,-0.14282759,0.00428359,-0.98381722
58842593,19943,58842.662899692,-0.10812860,-0.14284849,0.00427507,-0.98381108
58842609,19944,58842.676788692,-0.10817324,-0.14287250,0.00431202,-0.98380262
58842625,19945,58842.690677792,-0.10810008,-0.14284638,0.00427254,-0.98381454
58842640,19946,58842.704566792,-0.10809317,-0.14290327,0.00428066,-0.98380709
58842656,19947,58842.718455992,-0.10814895,-0.14281633,0.00432176,-0.98381335
58842671,19948,58842.732345192,-0.10819834,-0.14290103,0.00434620,-0.98379558
58842687,19949,58842.746234292,-0.10815457,-0.14285557,0.00430231,-0.98380709
58842703,19950,58842.760123392,-0.10809910,-0.14285107,0.00429519,-0.98381388
58842703,19951,58842.774012492,-0.10809595,-0.14285722,0.00427473,-0.98381341
58842718,19952,58842.787904092,-0.10812063,-0.14289413,0.00425385,-0.98380548
58842734,19953,58842.801793092,-0.10813087,-0.14290497,0.00435085,-0.98380232
58842750,19954,58842.815682292,-0.10811170,-0.14283285,0.00429557,-0.98381519
58842765,19955,58842.829571492,-0.10814306,-0.14283702,0.00429714,-0.98381108
58842781,19956,58842.843460392,-0.10812103,-0.14283532,0.00429508,-0.98381376
58842796,19957,58842.857349492,-0.10812394,-0.14283739,0.00428574,-0.98381317
58842812,19958,58842.875980697,-0.10810520,-0.14284927,0.00422294,-0.98381376
58842812,19959,58842.889869597,-0.10812498,-0.14290628,0.00423956,-0.98380327
58842828,19960,58842.903758697,-0.10813766,-0.14286537,0.00428576,-0.98380762
58842859,19961,58842.917647897,-0.10813481,-0.14282967,0.00434051,-0.98381287
58842875,19962,58842.955038697,-0.10813526,-0.14291120,0.00425854,-0.98380136
58842890,19963,58842.968927697,-0.10807183,-0.14289343,0.00430183,-0.98381078
58842906,19964,58842.982816697,-0.10809874,-0.14290337,0.00428169,-0.98380637
58842921,19965,58842.996705797,-0.10812134,-0.14287147,0.00430476,-0.98380846
58842937,19966,58843.010594697,-0.10815365,-0.14283900,0.00433189,-0.98380953
58842953,19967,58843.024483697,-0.10810164,-0.14291981,0.00434084,-0.98380339
58842968,19968,58843.038372697,-0.10810938,-0.14290214,0.00431589,-0.98380524
58842984,19969,58843.052261897,-0.10810998,-0.14290111,0.00431190,-0.98380542
58843000,19970,58843.066150997,-0.10809112,-0.14287643,0.00429590,-0.98381114
58843015,19971,58843.080040197,-0.10808261,-0.14286344,0.00434568,-0.98381370
58843031,19972,58843.093929097,-0.10813791,-0.14291728,0.00426572,-0.98380017
58843046,19973,58843.107818297,-0.10814151,-0.14288312,0.00430546,-0.98380452
58843046,19974,58843.121707397,-0.10819502,-0.14288917,0.00430496,-0.98379773
58843062,19975,58843.135596397,-0.10812554,-0.14289069,0.00429577,-0.98380524
58843078,19976,58843.149485297,-0.10812979,-0.14292316,0.00427695,-0.98380017
58843093,19977,58843.163374297,-0.10812757,-0.14292668,0.00427589,-0.98379987
58843109,19978,58843.177263397,-0.10813161,-0.14287308,0.00426231,-0.98380727
58843125,19979,58843.191152497,-0.10811502,-0.14287727,0.00431290,-0.98380822
58843125,19980,58843.205041397,-0.10812026,-0.14285333,0.00427954,-0.98381126
58843140,19981,58843.218930597,-0.10815012,-0.14285582,0.00428898,-0.98380768
58843156,19982,58843.232819497,-0.10812657,-0.14290932,0.00426454,-0.98380256
58843171,19983,58843.246708697,-0.10817110,-0.14289953,0.00432331,-0.98379886
58843187,19984,58843.260597897,-0.10810494,-0.14288233,0.00427863,-0.98380876
58843203,19985,58843.274486897,-0.10809446,-0.14287442,0.00433016,-0.98381090
58843218,19986,58843.288375897,-0.10812578,-0.14288512,0.00426638,-0.98380619
58843234,19987,58843.302264897,-0.10810394,-0.14289133,0.00425705,-0.98380768
58843234,19988,58843.316153997,-0.10814355,-0.14288627,0.00428526,-0.98380399
58843250,19989,58843.330042997,-0.10811913,-0.14288329,0.00427881,-0.98380709
58843265,19990,58843.343931997,-0.10812116,-0.14291851,0.00426402,-0.98380184
58843312,19991,58843.357820897,-0.10810173,-0.14289124,0.00428134,-0.98380780
58843328,19992,58843.397199697,-0.10812274,-0.14288414,0.00431196,-0.98380643
58843343,19993,58843.411088597,-0.10812707,-0.14286385,0.00428599,-0.98380899
58843343,19994,58843.424977697,-0.10812577,-0.14289047,0.00429468,-0.98380530
58843359,19995,58843.438866897,-0.10809660,-0.14290805,0.00431931,-0.98380572
58843375,19996,58843.452755797,-0.10812649,-0.14290357,0.00432630,-0.98380309
58843390,19997,58843.466644897,-0.10810056,-0.14291197,0.00429868,-0.98380488
58843406,19998,58843.480534097,-0.10813224,-0.14292113,0.00427975,-0.98380017
58843421,19999,58843.494422997,-0.10810763,-0.14289607,0.00427115,-0.98380649
58843437,20000,58843.508311997,-0.10810900,-0.14286274,0.00426099,-0.98381126
58843453,20001,58843.522201097,-0.10814936,-0.14287604,0.00432223,-0.98380458
58843468,20002,58843.536090197,-0.10810654,-0.14289209,0.00424203,-0.98380733
58843484,20003,58843.549979097,-0.10812453,-0.14288892,0.00426972,-0.98380566
58843500,20004,58843.563868197,-0.10813256,-0.14288606,0.00427259,-0.98380524
58843531,20005,58843.577757297,-0.10812204,-0.14290445,0.00428221,-0.98380369
58843546,20006,58843.618474997,-0.10811941,-0.14288491,0.00428413,-0.98380685
58843562,20007,58843.632363997,-0.10810920,-0.14292981,0.00432251,-0.98380131
58843578,20008,58843.646252997,-0.10808878,-0.14284515,0.00432650,-0.98381573
58843593,20009,58843.660142097,-0.10812340,-0.14285891,0.00425593,-0.98381031
58843609,20010,58843.674031197,-0.10808970,-0.14289439,0.00431504,-0.98380858
58843625,20011,58843.687920397,-0.10811657,-0.14291599,0.00433248,-0.98380238
58843640,20012,58843.701809397,-0.10809667,-0.14289419,0.00429930,-0.98380786
58843640,20013,58843.715698597,-0.10811986,-0.14289652,0.00430011,-0.98380494
58843656,20014,58843.729587497,-0.10817516,-0.14284763,0.00428741,-0.98380607
58843671,20015,58843.743476497,-0.10814387,-0.14286692,0.00431744,-0.98380661
58843687,20016,58843.757365697,-0.10809570,-0.14283949,0.00430619,-0.98381597
58843703,20017,58843.771254697,-0.10809429,-0.14286861,0.00431476,-0.98381174
58843718,20018,58843.785143797,-0.10811558,-0.14286822,0.00433070,-0.98380941
58843750,20019,58843.799032797,-0.10811634,-0.14284292,0.00432039,-0.98381305
58843765,20020,58843.826810897,-0.10811999,-0.14290611,0.00427976,-0.98380369
58843765,20021,58843.840699997,-0.10817537,-0.14290175,0.00428500,-0.98379815
58843781,20022,58843.854588997,-0.10815895,-0.14284289,0.00429496,-0.98380858
58843796,20023,58843.862372496,-0.10814852,-0.14284168,0.00436929,-0.98380947
58843812,20024,58843.876261396,-0.10813272,-0.14285478,0.00431878,-0.98380953
58843828,20025,58843.890150496,-0.10810878,-0.14283058,0.00428629,-0.98381591
58843843,20026,58843.904039596,-0.10811237,-0.14283566,0.00423758,-0.98381495
58843843,20027,58843.917928696,-0.10816333,-0.14282687,0.00426626,-0.98381054
58843859,20028,58843.931817596,-0.10813224,-0.14281374,0.00431122,-0.98381555
58843890,20029,58843.945706496,-0.10816373,-0.14284077,0.00428966,-0.98380828
58843890,20030,58843.959595696,-0.10813913,-0.14281438,0.00431237,-0.98381478
58843906,20031,58843.973484896,-0.10816823,-0.14284776,0.00429907,-0.98380673
58843921,20032,58843.987373896,-0.10812104,-0.14284903,0.00429037,-0.98381186
58843937,20033,58844.001262996,-0.10811817,-0.14286830,0.00429907,-0.98380923
58843953,20034,58844.015151896,-0.10814483,-0.14288235,0.00427713,-0.98380435
58843968,20035,58844.029040896,-0.10816375,-0.14283928,0.00434328,-0.98380834
58843984,20036,58844.042929996,-0.10816257,-0.14284164,0.00431311,-0.98380816
58844000,20037,58844.056819096,-0.10813905,-0.14284080,0.00430718,-0.98381090
58844000,20038,58844.070707996,-0.10813964,-0.14286721,0.00431487,-0.98380703
58844015,20039,58844.084596996,-0.10816683,-0.14285080,0.00430894,-0.98380643
58844031,20040,58844.098485996,-0.10816742,-0.14282471,0.00430576,-0.98381019
58844046,20041,58844.112375196,-0.10819271,-0.14284627,0.00432113,-0.98380423
58844062,20042,58844.126264196,-0.10817121,-0.14285018,0.00429638,-0.98380607
58844078,20043,58844.140153296,-0.10814755,-0.14285809,0.00426149,-0.98380768
58844093,20044,58844.154042296,-0.10813527,-0.14286934,0.00433507,-0.98380709
58844109,20045,58844.167931296,-0.10814191,-0.14285034,0.00428167,-0.98380941
58844140,20046,58844.181820196,-0.10810733,-0.14286926,0.00430457,-0.98381031
58844156,20047,58844.223904296,-0.10820428,-0.14282997,0.00439495,-0.98380500
58844171,20048,58844.237793396,-0.10813262,-0.14287001,0.00433586,-0.98380727
58844187,20049,58844.251682296,-0.10811110,-0.14283167,0.00428802,-0.98381543
58844203,20050,58844.265571196,-0.10814327,-0.14283687,0.00426579,-0.98381120
58844218,20051,58844.279460196,-0.10816768,-0.14288685,0.00428229,-0.98380119
58844218,20052,58844.293349196,-0.10811095,-0.14288890,0.00427711,-0.98380715
58844234,20053,58844.307238296,-0.10815302,-0.14284213,0.00425291,-0.98380941
58844250,20054,58844.321127496,-0.10814276,-0.14287540,0.00431991,-0.98380542
58844265,20055,58844.335016696,-0.10817699,-0.14285345,0.00428972,-0.98380500
58844281,20056,58844.348905696,-0.10820699,-0.14285773,0.00426459,-0.98380119
58844296,20057,58844.362794696,-0.10816889,-0.14284773,0.00430367,-0.98380667
58844312,20058,58844.376683596,-0.10811169,-0.14285177,0.00429305,-0.98381239
58844328,20059,58844.390572696,-0.10813580,-0.14287557,0.00431313,-0.98380619
58844343,20060,58844.404461796,-0.10816780,-0.14288539,0.00428997,-0.98380142
58844359,20061,58844.418350796,-0.10814628,-0.14285752,0.00427562,-0.98380780
58844375,20062,58844.432239996,-0.10817373,-0.14286731,0.00422746,-0.98380363
58844390,20063,58844.446129096,-0.10817360,-0.14283569,0.00424788,-0.98380810
58844390,20064,58844.460017996,-0.10814456,-0.14286691,0.00424780,-0.98380685
58844406,20065,58844.473906996,-0.10817565,-0.14286688,0.00424339,-0.98380339
58844421,20066,58844.487795896,-0.10816593,-0.14284618,0.00431804,-0.98380715
58844437,20067,58844.501684996,-0.10811935,-0.14285970,0.00428288,-0.98381048
58844453,20068,58844.515573996,-0.10812174,-0.14283808,0.00426031,-0.98381341
58844468,20069,58844.529463096,-0.10814596,-0.14284125,0.00426308,-0.98381031
58844484,20070,58844.543352096,-0.10813810,-0.14285563,0.00429652,-0.98380899
58844500,20071,58844.557241096,-0.10812754,-0.14288437,0.00430220,-0.98380595
58844500,20072,58844.571130096,-0.10813998,-0.14283453,0.00428254,-0.98381180
58844515,20073,58844.585018996,-0.10815888,-0.14286196,0.00428475,-0.98380578
58844531,20074,58844.598907896,-0.10813372,-0.14288762,0.00428503,-0.98380482
58844546,20075,58844.612797096,-0.10814086,-0.14283596,0.00424563,-0.98381168
58844562,20076,58844.626686096,-0.10816436,-0.14289285,0.00426307,-0.98380083
58844578,20077,58844.640575096,-0.10811996,-0.14289317,0.00423082,-0.98380572
58844593,20078,58844.654464096,-0.10811508,-0.14285873,0.00427724,-0.98381114
58844609,20079,58844.668353296,-0.10819815,-0.14284721,0.00423102,-0.98380387
58844609,20080,58844.682242496,-0.10810623,-0.14288393,0.00428087,-0.98380840
58844625,20081,58844.696131696,-0.10815720,-0.14285184,0.00431185,-0.98380727
58844640,20082,58844.710020696,-0.10816008,-0.14287399,0.00431508,-0.98380381
58844656,20083,58844.723909796,-0.10812429,-0.14291705,0.00424315,-0.98380184
58844671,20084,58844.737798896,-0.10813762,-0.14287160,0.00432454,-0.98380661
58844687,20085,58844.751688096,-0.10811916,-0.14286251,0.00426341,-0.98381019
58844703,20086,58844.765577296,-0.10817982,-0.14282952,0.00429147,-0.98380822
58844718,20087,58844.779466196,-0.10816767,-0.14292179,0.00425735,-0.98379624
58844734,20088,58844.793355196,-0.10818601,-0.14284803,0.00434678,-0.98380458
58844750,20089,58844.807244396,-0.10814756,-0.14283317,0.00425549,-0.98381138
58844765,20090,58844.821133496,-0.10819789,-0.14288938,0.00427033,-0.98379755
58844765,20091,58844.835022596,-0.10816632,-0.14288324,0.00427454,-0.98380196
58844781,20092,58844.848911696,-0.10817537,-0.14283979,0.00423399,-0.98380744
58844796,20093,58844.861600362,-0.10818642,-0.14284885,0.00432123,-0.98380446
58844812,20094,58844.875489462,-0.10813633,-0.14285640,0.00426264,-0.98380923
58844828,20095,58844.889378562,-0.10813005,-0.14284845,0.00428996,-0.98381084
58844843,20096,58844.903267762,-0.10817238,-0.14290483,0.00428062,-0.98379815
58844859,20097,58844.917156862,-0.10816574,-0.14287338,0.00429978,-0.98380333
58844875,20098,58844.931045962,-0.10814326,-0.14285439,0.00426352,-0.98380876
58844890,20099,58844.944935162,-0.10814111,-0.14285548,0.00426247,-0.98380882
58844906,20100,58844.958824262,-0.10810730,-0.14287330,0.00428180,-0.98380983
58844906,20101,58844.972713162,-0.10813490,-0.14282724,0.00426700,-0.98381352
58844921,20102,58844.986602262,-0.10814010,-0.14285842,0.00427132,-0.98380840
58844937,20103,58845.000491462,-0.10811964,-0.14288132,0.00426903,-0.98380733
58844953,20104,58845.014380562,-0.10821762,-0.14288156,0.00431573,-0.98379636
58844968,20105,58845.028269562,-0.10814059,-0.14287364,0.00433006,-0.98380589
58844984,20106,58845.042158562,-0.10815693,-0.14290334,0.00423464,-0.98380017
58845000,20107,58845.056047662,-0.10820667,-0.14287390,0.00425180,-0.98379898
58845000,20108,58845.069936762,-0.10816086,-0.14284986,0.00423854,-0.98380756
58845015,20109,58845.083825862,-0.10813008,-0.14287274,0.00423443,-0.98380762
58845031,20110,58845.097715062,-0.10815156,-0.14288917,0.00427480,-0.98380268
58845046,20111,58845.111604062,-0.10815655,-0.14283970,0.00424724,-0.98380941
58845062,20112,58845.125492962,-0.10817728,-0.14285934,0.00428712,-0.98380411
58845093,20113,58845.139382062,-0.10815164,-0.14284685,0.00430605,-0.98380870
58845109,20114,58845.168271262,-0.10818586,-0.14287508,0.00429915,-0.98380083
58845125,20115,58845.182160462,-0.10817777,-0.14283951,0.00420302,-0.98380738
58845125,20116,58845.196049362,-0.10814157,-0.14288448,0.00424579,-0.98380464
58845140,20117,58845.209938362,-0.10819221,-0.14287725,0.00427969,-0.98379987
58845156,20118,58845.223827262,-0.10815037,-0.14285895,0.00423519,-0.98380733
58845171,20119,58845.237716362,-0.10816348,-0.14287719,0.00429298,-0.98380309
58845187,20120,58845.251605362,-0.10814253,-0.14285988,0.00426189,-0.98380798
58845203,20121,58845.265494362,-0.10819342,-0.14291319,0.00426277,-0.98379463
58845218,20122,58845.279383362,-0.10818923,-0.14285544,0.00429443,-0.98380333
58845234,20123,58845.293272362,-0.10814299,-0.14285836,0.00423548,-0.98380822
58845234,20124,58845.307161362,-0.10817394,-0.14283238,0.00420710,-0.98380882
58845250,20125,58845.321050462,-0.10819339,-0.14287694,0.00424387,-0.98379999
58845265,20126,58845.334939362,-0.10818804,-0.14283629,0.00428674,-0.98380631
58845281,20127,58845.348828462,-0.10819430,-0.14289510,0.00425689,-0.98379719
58845296,20128,58845.362717462,-0.10817404,-0.14285129,0.00423816,-0.98380584
58845312,20129,58845.376606662,-0.10814706,-0.14287938,0.00424061,-0.98380482
58845328,20130,58845.390495862,-0.10813662,-0.14284572,0.00428077,-0.98381060
58845343,20131,58845.404385062,-0.10813943,-0.14282101,0.00428214,-0.98381388
58845359,20132,58845.418274062,-0.10818167,-0.14287096,0.00418918,-0.98380244
58845359,20133,58845.433253548,-0.10823216,-0.14283329,0.00424083,-0.98380202
58845375,20134,58845.448942039,-0.10816955,-0.14286537,0.00423537,-0.98380429
58845390,20135,58845.464340068,-0.10819788,-0.14284298,0.00425330,-0.98380435
58845406,20136,58845.479474206,-0.10812540,-0.14285840,0.00427537,-0.98381001
58845421,20137,58845.494333688,-0.10814959,-0.14287522,0.00434185,-0.98380458
58845437,20138,58845.508909188,-0.10814384,-0.14283997,0.00434718,-0.98381042
58845453,20139,58845.523202017,-0.10814949,-0.14282320,0.00428364,-0.98381245
58845468,20140,58845.537213768,-0.10818263,-0.14281671,0.00429395,-0.98380971
58845484,20141,58845.550935412,-0.10815541,-0.14288473,0.00430129,-0.98380274
58845500,20142,58845.564649319,-0.10821676,-0.14289427,0.00427732,-0.98379481
58845515,20143,58845.578373918,-0.10815593,-0.14290434,0.00433152,-0.98379982
58845515,20144,58845.592117553,-0.10812806,-0.14285608,0.00428767,-0.98381001
58845531,20145,58845.605880533,-0.10812125,-0.14288226,0.00429703,-0.98380697
58845546,20146,58845.619634148,-0.10817366,-0.14288248,0.00433685,-0.98380101
58845562,20147,58845.633376721,-0.10814441,-0.14288314,0.00430592,-0.98380423
58845578,20148,58845.647137776,-0.10823935,-0.14292562,0.00430940,-0.98378760
58845593,20149,58845.660884317,-0.10821123,-0.14281838,0.00431259,-0.98380619
58845609,20150,58845.674634180,-0.10817660,-0.14283648,0.00434505,-0.98380733
58845625,20151,58845.688385631,-0.10813154,-0.14282218,0.00426728,-0.98381466
58845640,20152,58845.702153812,-0.10811999,-0.14287210,0.00431258,-0.98380846
58845640,20153,58845.715920397,-0.10817450,-0.14289922,0.00432973,-0.98379844
58845656,20154,58845.729685113,-0.10817357,-0.14283754,0.00432180,-0.98380756
58845671,20155,58845.743432179,-0.10819878,-0.14286284,0.00432612,-0.98380113
58845687,20156,58845.757200637,-0.10816658,-0.14282888,0.00434597,-0.98380947
58845703,20157,58845.770974321,-0.10818049,-0.14280646,0.00428369,-0.98381144
58845718,20158,58845.784745203,-0.10818279,-0.14283901,0.00429222,-0.98380643
58845734,20159,58845.798517329,-0.10815322,-0.14284396,0.00425671,-0.98380917
58845750,20160,58845.812291311,-0.10817618,-0.14280675,0.00427488,-0.98381197
58845765,20161,58845.826063266,-0.10820164,-0.14283709,0.00428237,-0.98380470
58845765,20162,58845.839845250,-0.10818284,-0.14287364,0.00424987,-0.98380160
58845781,20163,58845.853627665,-0.10815679,-0.14285982,0.00430611,-0.98380619
58845796,20164,58845.867419823,-0.10814059,-0.14282770,0.00430006,-0.98381269
58845812,20165,58845.881204895,-0.10817534,-0.14279091,0.00433033,-0.98381412
58845828,20166,58845.894988555,-0.10814460,-0.14282544,0.00430928,-0.98381257
58845843,20167,58845.908768270,-0.10814836,-0.14286181,0.00429359,-0.98380697
58845859,20168,58845.922557056,-0.10819817,-0.14282563,0.00432024,-0.98380667
58845875,20169,58845.936351277,-0.10817573,-0.14284788,0.00422580,-0.98380619
58845890,20170,58845.950141173,-0.10816572,-0.14283523,0.00428018,-0.98380893
58845890,20171,58845.963934239,-0.10822630,-0.14285913,0.00433072,-0.98379856
58845906,20172,58845.977738716,-0.10812978,-0.14287458,0.00429302,-0.98380715
58845921,20173,58845.991536644,-0.10811660,-0.14282915,0.00436629,-0.98381484
58845937,20174,58846.005336411,-0.10812649,-0.14288175,0.00429215,-0.98380649
58845953,20175,58846.019132193,-0.10811897,-0.14280492,0.00433363,-0.98381823
58845968,20176,58846.032934810,-0.10814667,-0.14287922,0.00429875,-0.98380452
58845984,20177,58846.046746100,-0.10819889,-0.14290476,0.00431653,-0.98379499
58845984,20178,58846.060532165,-0.10820644,-0.14282435,0.00429465,-0.98380595
58846000,20179,58846.074338874,-0.10814692,-0.14282820,0.00428235,-0.98381203
58846015,20180,58846.088137655,-0.10816906,-0.14284463,0.00432402,-0.98380709
58846031,20181,58846.101962873,-0.10814057,-0.14287814,0.00432415,-0.98380530
58846046,20182,58846.115775538,-0.10811319,-0.14282785,0.00430407,-0.98381567
58846062,20183,58846.129580798,-0.10810514,-0.14284599,0.00433576,-0.98381376
58846078,20184,58846.143373276,-0.10810655,-0.14282767,0.00430174,-0.98381639
58846093,20185,58846.157180602,-0.10812676,-0.14284769,0.00434003,-0.98381120
58846109,20186,58846.170990634,-0.10811829,-0.14288035,0.00422804,-0.98380780
58846125,20187,58846.184811878,-0.10812818,-0.14288165,0.00435573,-0.98380601
58846140,20188,58846.198637481,-0.10810675,-0.14291000,0.00426524,-0.98380458
58846140,20189,58846.212458414,-0.10814638,-0.14285344,0.00425822,-0.98380852
58846156,20190,58846.226286219,-0.10812821,-0.14288802,0.00434452,-0.98380518
58846171,20191,58846.240117648,-0.10810436,-0.14284730,0.00436118,-0.98381352
58846187,20192,58846.253944283,-0.10811292,-0.14283097,0.00428679,-0.98381537
58846203,20193,58846.267774833,-0.10817867,-0.14286166,0.00430345,-0.98380363
58846218,20194,58846.281599593,-0.10815922,-0.14290866,0.00422947,-0.98379928
58846234,20195,58846.295420535,-0.10815430,-0.14283723,0.00429294,-0.98380989
58846250,20196,58846.309253719,-0.10812544,-0.14287272,0.00426470,-0.98380798
58846265,20197,58846.323091428,-0.10811748,-0.14284518,0.00428361,-0.98381275
58846281,20198,58846.336929288,-0.10810026,-0.14288582,0.00434880,-0.98380852
58846281,20199,58846.350776326,-0.10810761,-0.14289738,0.00429581,-0.98380619
58846296,20200,58846.364621617,-0.10816894,-0.14287196,0.00432048,-0.98380315
58846312,20201,58846.378461063,-0.10812798,-0.14287186,0.00427703,-0.98380774
58846328,20202,58846.392300568,-0.10824572,-0.14289357,0.00430672,-0.98379147
58846343,20203,58846.406140495,-0.10819662,-0.14290236,0.00426902,-0.98379582
58846359,20204,58846.419982023,-0.10817560,-0.14284176,0.00428183,-0.98380691
58846375,20205,58846.433829151,-0.10816707,-0.14292346,0.00430131,-0.98379594
58846390,20206,58846.447680478,-0.10819861,-0.14284529,0.00426532,-0.98380393
58846390,20207,58846.461526654,-0.10813580,-0.14286919,0.00422914,-0.98380750
58846406,20208,58846.475404780,-0.10817825,-0.14285791,0.00432560,-0.98380405
58846421,20209,58846.489293980,-0.10821062,-0.14284982,0.00432934,-0.98380160
58846437,20210,58846.503183080,-0.10815380,-0.14291322,0.00428346,-0.98379886
58846453,20211,58846.517072180,-0.10812094,-0.14288688,0.00427133,-0.98380643
58846468,20212,58846.530961380,-0.10811803,-0.14289042,0.00426693,-0.98380619
58846484,20213,58846.544850580,-0.10817608,-0.14287308,0.00424201,-0.98380244
58846500,20214,58846.558739580,-0.10814475,-0.14283434,0.00427939,-0.98381144
58846515,20215,58846.586517880,-0.10813286,-0.14284368,0.00432144,-0.98381120
58846531,20216,58846.600406880,-0.10819974,-0.14282721,0.00426798,-0.98380643
58846546,20217,58846.614295980,-0.10816766,-0.14287280,0.00430816,-0.98380315
58846562,20218,58846.628185080,-0.10817000,-0.14285040,0.00429763,-0.98380619
58846578,20219,58846.642074180,-0.10811361,-0.14285789,0.00426283,-0.98381144
58846593,20220,58846.655963380,-0.10810658,-0.14285830,0.00422518,-0.98381239
58846609,20221,58846.669852380,-0.10817353,-0.14284386,0.00431917,-0.98380673
58846609,20222,58846.683741380,-0.10814763,-0.14287478,0.00429635,-0.98380518
58846640,20223,58846.697630480,-0.10813417,-0.14289008,0.00424082,-0.98380458
58846656,20224,58846.725408680,-0.10810795,-0.14288056,0.00421697,-0.98380893
58846671,20225,58846.739297780,-0.10812493,-0.14287296,0.00425199,-0.98380810
58846687,20226,58846.753186880,-0.10812003,-0.14289860,0.00425816,-0.98380482
58846703,20227,58846.767075980,-0.10809100,-0.14287163,0.00424189,-0.98381203
58846718,20228,58846.780965180,-0.10813255,-0.14285615,0.00430242,-0.98380941
58846734,20229,58846.794854280,-0.10808888,-0.14286873,0.00424963,-0.98381269
58846734,20230,58846.808743380,-0.10812229,-0.14286734,0.00424646,-0.98380917
58846750,20231,58846.822632480,-0.10811625,-0.14284250,0.00423749,-0.98381352
58846765,20232,58846.836521380,-0.10811712,-0.14283484,0.00425724,-0.98381442
58846781,20233,58846.850410580,-0.10811374,-0.14285807,0.00426425,-0.98381138
58846796,20234,58846.869215067,-0.10808269,-0.14285523,0.00425775,-0.98381525
58846812,20235,58846.883104167,-0.10814247,-0.14286764,0.00421161,-0.98380709
58846828,20236,58846.896993167,-0.10811371,-0.14282849,0.00425194,-0.98381579
58846843,20237,58846.910882267,-0.10810964,-0.14291361,0.00424162,-0.98380393
58846859,20238,58846.924771167,-0.10810503,-0.14282984,0.00424934,-0.98381656
58846859,20239,58846.938660367,-0.10807490,-0.14285436,0.00425498,-0.98381627
58846875,20240,58846.952549467,-0.10810754,-0.14283666,0.00422712,-0.98381531
58846890,20241,58846.966438467,-0.10809281,-0.14285867,0.00428432,-0.98381346
58846906,20242,58846.980327667,-0.10811368,-0.14282563,0.00428689,-0.98381603
58846921,20243,58846.994216767,-0.10814621,-0.14289632,0.00425421,-0.98380232
58846937,20244,58847.008105667,-0.10809545,-0.14287177,0.00423981,-0.98381150
58846953,20245,58847.021994767,-0.10807118,-0.14287634,0.00420540,-0.98381364
58846968,20246,58847.035883867,-0.10808772,-0.14289284,0.00427518,-0.98380917
58846984,20247,58847.049772867,-0.10811526,-0.14283302,0.00428984,-0.98381472
58847000,20248,58847.063661867,-0.10815503,-0.14287409,0.00422277,-0.98380470
58847015,20249,58847.077550867,-0.10806901,-0.14286332,0.00423651,-0.98381573
58847015,20250,58847.091439967,-0.10805998,-0.14291304,0.00428133,-0.98380923
58847031,20251,58847.105328867,-0.10811889,-0.14289214,0.00425314,-0.98380589
58847046,20252,58847.119217967,-0.10812870,-0.14287437,0.00421239,-0.98380768
58847062,20253,58847.133106867,-0.10811917,-0.14283015,0.00427951,-0.98381478
58847078,20254,58847.146995867,-0.10809371,-0.14288078,0.00429363,-0.98381019
58847093,20255,58847.160884767,-0.10806728,-0.14286420,0.00425719,-0.98381567
58847109,20256,58847.174773767,-0.10806606,-0.14285843,0.00429482,-0.98381644
58847125,20257,58847.188662967,-0.10807176,-0.14286813,0.00424346,-0.98381460
58847140,20258,58847.202551967,-0.10809174,-0.14288634,0.00427103,-0.98380971
58847140,20259,58847.216441067,-0.10806603,-0.14286578,0.00426169,-0.98381549
58847156,20260,58847.230329967,-0.10810073,-0.14287694,0.00424217,-0.98381025
58847171,20261,58847.244219067,-0.10809776,-0.14285858,0.00428617,-0.98381299
58847187,20262,58847.258108067,-0.10813560,-0.14290398,0.00424520,-0.98380238
58847203,20263,58847.271997167,-0.10810909,-0.14293452,0.00424838,-0.98380083
58847218,20264,58847.285886367,-0.10822043,-0.14284867,0.00427200,-0.98380107
58847234,20265,58847.299775567,-0.10807680,-0.14283669,0.00428142,-0.98381847
58847250,20266,58847.313664567,-0.10813345,-0.14284253,0.00426568,-0.98381144
58847250,20267,58847.327553767,-0.10810307,-0.14287241,0.00424358,-0.98381054
58847265,20268,58847.341442867,-0.10812967,-0.14292148,0.00428689,-0.98380035
58847281,20269,58847.355331967,-0.10807835,-0.14289960,0.00424284,-0.98380941
58847296,20270,58847.369221167,-0.10815148,-0.14286241,0.00430227,-0.98380649
58847312,20271,58847.383110067,-0.10808229,-0.14285047,0.00424023,-0.98381603
58847328,20272,58847.396998967,-0.10810392,-0.14289612,0.00425471,-0.98380697
58847343,20273,58847.410888067,-0.10806676,-0.14286223,0.00427667,-0.98381591
58847359,20274,58847.424777067,-0.10812749,-0.14284636,0.00424748,-0.98381168
58847359,20275,58847.438666067,-0.10810038,-0.14287309,0.00425574,-0.98381078
58847375,20276,58847.452555067,-0.10813177,-0.14286140,0.00422534,-0.98380911
58847390,20277,58847.466444067,-0.10809854,-0.14286500,0.00430484,-0.98381191
58847406,20278,58847.480333167,-0.10807545,-0.14286356,0.00430050,-0.98381466
58847421,20279,58847.494222167,-0.10808032,-0.14284185,0.00427403,-0.98381740
58847437,20280,58847.508111067,-0.10809872,-0.14288503,0.00431276,-0.98380893
58847453,20281,58847.522000267,-0.10808065,-0.14290172,0.00423197,-0.98380882
58847468,20282,58847.535889267,-0.10810093,-0.14289021,0.00428990,-0.98380798
58847484,20283,58847.549778367,-0.10810310,-0.14286675,0.00428459,-0.98381120
58847500,20284,58847.563667367,-0.10807725,-0.14285618,0.00430666,-0.98381543
58847500,20285,58847.577556467,-0.10811185,-0.14284864,0.00422948,-0.98381311
58847515,20286,58847.591445567,-0.10808260,-0.14287165,0.00425998,-0.98381293
58847531,20287,58847.605334567,-0.10807319,-0.14291513,0.00432329,-0.98380727
58847546,20288,58847.619223467,-0.10813433,-0.14286906,0.00428063,-0.98380744
58847562,20289,58847.633112367,-0.10807499,-0.14286466,0.00430803,-0.98381448
58847578,20290,58847.647001467,-0.10810377,-0.14290214,0.00429093,-0.98380595
58847593,20291,58847.660890667,-0.10811204,-0.14288425,0.00428840,-0.98380774
58847609,20292,58847.674779667,-0.10811675,-0.14286977,0.00422720,-0.98380953
58847625,20293,58847.688668767,-0.10814698,-0.14290503,0.00421499,-0.98380119
58847671,20294,58847.716446967,-0.10810334,-0.14288446,0.00429550,-0.98380864
58847687,20295,58847.753426867,-0.10815935,-0.14285806,0.00429057,-0.98380625
58847687,20296,58847.767315867,-0.10813839,-0.14286040,0.00425912,-0.98380846
58847703,20297,58847.781204767,-0.10812353,-0.14293152,0.00422128,-0.98379982
58847718,20298,58847.795093767,-0.10811820,-0.14286128,0.00428530,-0.98381037
58847734,20299,58847.808982967,-0.10811979,-0.14290324,0.00423882,-0.98380435
58847750,20300,58847.822872067,-0.10808670,-0.14291354,0.00428936,-0.98380613
58847765,20301,58847.836761267,-0.10808811,-0.14289370,0.00425774,-0.98380911
58847781,20302,58847.850650167,-0.10808806,-0.14289637,0.00425686,-0.98380870
58847796,20303,58847.864539367,-0.10808507,-0.14292262,0.00426789,-0.98380512
58847812,20304,58847.874726873,-0.10808507,-0.14292262,0.00426789,-0.98380512
58847812,20305,58847.888615973,-0.10812613,-0.14290942,0.00432520,-0.98380238
58847828,20306,58847.902504973,-0.10808291,-0.14289485,0.00428426,-0.98380935
58847843,20307,58847.916394073,-0.10808556,-0.14286384,0.00430686,-0.98381346
58847859,20308,58847.930282973,-0.10807683,-0.14295243,0.00426241,-0.98380178
58847875,20309,58847.944171873,-0.10815638,-0.14288953,0.00430857,-0.98380196
58847890,20310,58847.958060873,-0.10807971,-0.14287458,0.00426617,-0.98381281
58847906,20311,58847.971949873,-0.10811197,-0.14293933,0.00423160,-0.98379993
58847921,20312,58847.985838973,-0.10807295,-0.14288567,0.00432037,-0.98381168
58847937,20313,58847.999727973,-0.10814954,-0.14294703,0.00420449,-0.98379487
58847953,20314,58848.013616973,-0.10815515,-0.14289132,0.00422268,-0.98380220
58847968,20315,58848.027505973,-0.10808836,-0.14289851,0.00428695,-0.98380816
58847984,20316,58848.041394973,-0.10809536,-0.14288148,0.00425635,-0.98381007
58848000,20317,58848.055283873,-0.10809475,-0.14293313,0.00426159,-0.98380256
58848000,20318,58848.069172873,-0.10815793,-0.14292330,0.00421328,-0.98379725
58848015,20319,58848.083061973,-0.10813452,-0.14291717,0.00421085,-0.98380077
58848031,20320,58848.096950973,-0.10813365,-0.14288662,0.00422729,-0.98380530
58848062,20321,58848.110839973,-0.10811987,-0.14293262,0.00429580,-0.98379982
58848078,20322,58848.140211973,-0.10811680,-0.14291911,0.00424237,-0.98380226
58848093,20323,58848.154101073,-0.10814644,-0.14292228,0.00425204,-0.98379850
58848093,20324,58848.167990173,-0.10814787,-0.14292213,0.00424877,-0.98379844
58848109,20325,58848.181879173,-0.10808523,-0.14287075,0.00431851,-0.98381245
58848125,20326,58848.195768373,-0.10816042,-0.14292532,0.00431689,-0.98379624
58848140,20327,58848.209657373,-0.10812369,-0.14288731,0.00425420,-0.98380607
58848156,20328,58848.223546373,-0.10813708,-0.14289974,0.00430846,-0.98380256
58848171,20329,58848.237435373,-0.10811680,-0.14293477,0.00428909,-0.98379982
58848187,20330,58848.251324273,-0.10817655,-0.14291221,0.00428835,-0.98379654
58848203,20331,58848.265213173,-0.10813081,-0.14294973,0.00423297,-0.98379630
58848203,20332,58848.279102173,-0.10812609,-0.14291352,0.00428139,-0.98380190
58848218,20333,58848.292991273,-0.10815430,-0.14295058,0.00426342,-0.98379350
58848234,20334,58848.306880273,-0.10818512,-0.14289673,0.00425118,-0.98379797
58848250,20335,58848.320769173,-0.10818415,-0.14289968,0.00425072,-0.98379767
58848265,20336,58848.334658273,-0.10812882,-0.14295228,0.00425215,-0.98379618
58848281,20337,58848.348547173,-0.10815562,-0.14292231,0.00427423,-0.98379743
58848296,20338,58848.362436173,-0.10813497,-0.14289731,0.00423837,-0.98380345
58848312,20339,58848.376325173,-0.10813311,-0.14291786,0.00424303,-0.98380071
58848328,20340,58848.390214173,-0.10812608,-0.14292905,0.00430001,-0.98379964
58848343,20341,58848.404103173,-0.10815473,-0.14293456,0.00428809,-0.98379576
58848359,20342,58848.417992273,-0.10818008,-0.14294599,0.00424208,-0.98379147
58848359,20343,58848.431881273,-0.10815652,-0.14288516,0.00426996,-0.98380274
58848390,20344,58848.445770273,-0.10818329,-0.14295587,0.00426412,-0.98378950
58848390,20345,58848.459659373,-0.10815538,-0.14292270,0.00427480,-0.98379737
58848406,20346,58848.473548573,-0.10809770,-0.14292119,0.00428617,-0.98380393
58848421,20347,58848.487437773,-0.10818696,-0.14290647,0.00423314,-0.98379642
58848437,20348,58848.501326773,-0.10812190,-0.14298578,0.00422196,-0.98379219
58848453,20349,58848.515215973,-0.10809092,-0.14292955,0.00423262,-0.98380369
58848453,20350,58848.529104973,-0.10807829,-0.14294720,0.00425713,-0.98380244
58848500,20351,58848.542994173,-0.10813437,-0.14291416,0.00428868,-0.98380089
58848515,20352,58848.582377573,-0.10809507,-0.14292543,0.00422934,-0.98380381
58848531,20353,58848.596266773,-0.10812151,-0.14295018,0.00426296,-0.98379719
58848546,20354,58848.610155773,-0.10812211,-0.14289640,0.00425163,-0.98380500
58848562,20355,58848.624044873,-0.10812629,-0.14293146,0.00423558,-0.98379946
58848578,20356,58848.637933973,-0.10812564,-0.14296052,0.00422305,-0.98379534
58848593,20357,58848.651822973,-0.10810288,-0.14295205,0.00424421,-0.98379904
58848593,20358,58848.665711973,-0.10810778,-0.14295691,0.00425522,-0.98379773
58848609,20359,58848.679601173,-0.10810108,-0.14293034,0.00426943,-0.98380226
58848625,20360,58848.693490073,-0.10811746,-0.14294465,0.00430755,-0.98379821
58848640,20361,58848.707379173,-0.10808375,-0.14294426,0.00430518,-0.98380196
58848656,20362,58848.721268373,-0.10808698,-0.14292257,0.00429834,-0.98380482
58848671,20363,58848.735157473,-0.10809165,-0.14296100,0.00424923,-0.98379898
58848687,20364,58848.749046573,-0.10811640,-0.14298643,0.00425860,-0.98379254
58848703,20365,58848.762935473,-0.10808946,-0.14293544,0.00425991,-0.98380286
58848718,20366,58848.776824673,-0.10811612,-0.14293557,0.00424211,-0.98379993
58848734,20367,58848.790713673,-0.10811920,-0.14296144,0.00421664,-0.98379600
58848750,20368,58848.804602773,-0.10808454,-0.14291978,0.00425105,-0.98380566
58848750,20369,58848.818491973,-0.10813623,-0.14296024,0.00424283,-0.98379421
58848781,20370,58848.832381073,-0.10811099,-0.14293292,0.00423178,-0.98380101
58848781,20371,58848.846270073,-0.10808425,-0.14293218,0.00425530,-0.98380387
58848796,20372,58848.860159073,-0.10811562,-0.14294010,0.00423560,-0.98379946
58848812,20373,58848.872905746,-0.10808322,-0.14296524,0.00425708,-0.98379922
58848828,20374,58848.886794746,-0.10810770,-0.14293149,0.00428238,-0.98380136
58848843,20375,58848.900683946,-0.10811119,-0.14294201,0.00425972,-0.98379958
58848859,20376,58848.914572946,-0.10813840,-0.14297318,0.00424464,-0.98379207
58848875,20377,58848.928461946,-0.10817213,-0.14295059,0.00421966,-0.98379171
58848875,20378,58848.942351146,-0.10808189,-0.14291054,0.00427560,-0.98380721
58848890,20379,58848.956240046,-0.10808048,-0.14298372,0.00430433,-0.98379666
58848906,20380,58848.970129046,-0.10813144,-0.14293648,0.00427058,-0.98379809
58848921,20381,58848.984018146,-0.10810183,-0.14292234,0.00430185,-0.98380321
58848937,20382,58848.997907146,-0.10813615,-0.14293036,0.00426258,-0.98379844
58848968,20383,58849.025685446,-0.10810644,-0.14293146,0.00425585,-0.98380154
58848984,20384,58849.039574546,-0.10810541,-0.14292765,0.00427695,-0.98380214
58848984,20385,58849.053463646,-0.10809615,-0.14287993,0.00435452,-0.98380983
58849000,20386,58849.067352646,-0.10811625,-0.14292203,0.00425860,-0.98380184
58849015,20387,58849.081241646,-0.10811154,-0.14294913,0.00425616,-0.98379850
58849031,20388,58849.095130646,-0.10810326,-0.14297132,0.00428780,-0.98379606
58849046,20389,58849.109019646,-0.10808787,-0.14293067,0.00421884,-0.98380393
58849062,20390,58849.122908646,-0.10808225,-0.14295207,0.00425264,-0.98380131
58849078,20391,58849.136806246,-0.10813107,-0.14295486,0.00427915,-0.98379534
58849078,20392,58849.150695246,-0.10808436,-0.14293571,0.00424105,-0.98380351
58849093,20393,58849.164584146,-0.10811003,-0.14296955,0.00420720,-0.98379594
58849109,20394,58849.178473146,-0.10810928,-0.14292707,0.00427327,-0.98380190
58849125,20395,58849.192362146,-0.10808025,-0.14295012,0.00428061,-0.98380166
58849140,20396,58849.206251146,-0.10807469,-0.14294751,0.00430007,-0.98380250
58849171,20397,58849.220140246,-0.10810759,-0.14289570,0.00429421,-0.98380643
58849187,20398,58849.247918446,-0.10813692,-0.14289863,0.00426981,-0.98380291
58849203,20399,58849.261807546,-0.10813437,-0.14294736,0.00427477,-0.98379618
58849203,20400,58849.275696546,-0.10814831,-0.14294462,0.00420023,-0.98379534
58849218,20401,58849.289585546,-0.10808817,-0.14294331,0.00429526,-0.98380166
58849234,20402,58849.303474446,-0.10817160,-0.14292791,0.00424897,-0.98379493
58849250,20403,58849.317363546,-0.10809267,-0.14295095,0.00426250,-0.98380023
58849265,20404,58849.331252746,-0.10814379,-0.14295198,0.00425195,-0.98379451
58849281,20405,58849.345141846,-0.10812031,-0.14296296,0.00422046,-0.98379570
58849296,20406,58849.359030846,-0.10812356,-0.14293645,0.00421891,-0.98379910
58849312,20407,58849.372919846,-0.10814475,-0.14292805,0.00423953,-0.98379791
58849328,20408,58849.386808846,-0.10812120,-0.14292146,0.00425387,-0.98380148
58849343,20409,58849.400697946,-0.10814106,-0.14294273,0.00428555,-0.98379606
58849359,20410,58849.414587046,-0.10811713,-0.14289057,0.00427251,-0.98380625
58849359,20411,58849.428475946,-0.10809530,-0.14292277,0.00422451,-0.98380423
58849375,20412,58849.442365146,-0.10809433,-0.14292575,0.00419959,-0.98380399
58849390,20413,58849.456254346,-0.10813359,-0.14288929,0.00422780,-0.98380482
58849406,20414,58849.470143446,-0.10812616,-0.14287347,0.00427923,-0.98380774
58849421,20415,58849.484032546,-0.10812823,-0.14292902,0.00426019,-0.98379958
58849437,20416,58849.497921546,-0.10816072,-0.14291295,0.00423467,-0.98379844
58849437,20417,58849.511810646,-0.10813180,-0.14292295,0.00428312,-0.98379987
58849453,20418,58849.525699546,-0.10813521,-0.14289521,0.00424725,-0.98380375
58849468,20419,58849.539588446,-0.10812229,-0.14293733,0.00417035,-0.98379934
58849484,20420,58849.553477346,-0.10813765,-0.14289308,0.00426861,-0.98380369
58849500,20421,58849.568713838,-0.10810555,-0.14289020,0.00426299,-0.98380762
58849515,20422,58849.584345932,-0.10806713,-0.14293756,0.00431476,-0.98380476
58849531,20423,58849.599481477,-0.10819295,-0.14289178,0.00426356,-0.98379779
58849546,20424,58849.614600697,-0.10807805,-0.14286862,0.00420933,-0.98381400
58849562,20425,58849.629453410,-0.10811060,-0.14292957,0.00419767,-0.98380160
58849562,20426,58849.644025799,-0.10807574,-0.14289258,0.00420266,-0.98381090
58849578,20427,58849.658288402,-0.10810950,-0.14293431,0.00415222,-0.98380131
58849593,20428,58849.672538021,-0.10812195,-0.14286947,0.00427146,-0.98380882
58849609,20429,58849.686798957,-0.10807128,-0.14284362,0.00422743,-0.98381829
58849625,20430,58849.700783808,-0.10813764,-0.14287356,0.00424516,-0.98380661
58849640,20431,58849.714474760,-0.10807783,-0.14292517,0.00418650,-0.98380595
58849656,20432,58849.728165727,-0.10810775,-0.14293283,0.00419116,-0.98380154
58849671,20433,58849.741848673,-0.10806790,-0.14292690,0.00421385,-0.98380667
58849687,20434,58849.755528919,-0.10806648,-0.14289020,0.00419418,-0.98381227
58849703,20435,58849.769214704,-0.10806589,-0.14290357,0.00416877,-0.98381042
58849718,20436,58849.782899385,-0.10808337,-0.14287776,0.00426678,-0.98381186
58849734,20437,58849.796591596,-0.10810507,-0.14289783,0.00418482,-0.98380691
58849734,20438,58849.810278935,-0.10810433,-0.14292940,0.00418497,-0.98380244
58849750,20439,58849.823981223,-0.10809458,-0.14285403,0.00423537,-0.98381424
58849765,20440,58849.837676376,-0.10805528,-0.14287360,0.00426604,-0.98381555
58849781,20441,58849.851381682,-0.10810405,-0.14287584,0.00430856,-0.98380971
58849796,20442,58849.865091618,-0.10808448,-0.14291939,0.00426152,-0.98380572
58849812,20443,58849.878800149,-0.10807156,-0.14286722,0.00420749,-0.98381495
58849828,20444,58849.892515363,-0.10812760,-0.14289449,0.00421831,-0.98380482
58849843,20445,58849.906234833,-0.10810399,-0.14290005,0.00419037,-0.98380673
58849843,20446,58849.919958628,-0.10817181,-0.14286755,0.00418840,-0.98380399
58849859,20447,58849.933686825,-0.10813787,-0.14288327,0.00422474,-0.98380530
58849875,20448,58849.947415987,-0.10809339,-0.14284188,0.00427463,-0.98381597
58849890,20449,58849.961161227,-0.10813512,-0.14287570,0.00425788,-0.98380655
58849906,20450,58849.974905447,-0.10807827,-0.14287545,0.00422468,-0.98381299
58849921,20451,58849.988650417,-0.10807487,-0.14286192,0.00428453,-0.98381501
58849937,20452,58850.002397997,-0.10813713,-0.14289713,0.00427215,-0.98380309
58849953,20453,58850.016151876,-0.10810909,-0.14283594,0.00425627,-0.98381519
58849953,20454,58850.029903234,-0.10811139,-0.14289373,0.00426436,-0.98380649
58849984,20455,58850.043660441,-0.10812867,-0.14284733,0.00421719,-0.98381150
58849984,20456,58850.057427584,-0.10813195,-0.14284612,0.00422130,-0.98381138
58850000,20457,58850.071182750,-0.10812185,-0.14292428,0.00426975,-0.98380083
58850015,20458,58850.084944714,-0.10812795,-0.14286552,0.00425473,-0.98380888
58850031,20459,58850.098713919,-0.10815870,-0.14285763,0.00428641,-0.98380637
58850046,20460,58850.112475481,-0.10812825,-0.14288175,0.00429183,-0.98380625
58850062,20461,58850.126263920,-0.10813303,-0.14289764,0.00421109,-0.98380375
58850062,20462,58850.140043109,-0.10819038,-0.14285979,0.00424524,-0.98380280
58850093,20463,58850.153815234,-0.10813829,-0.14286219,0.00423711,-0.98380822
58850093,20464,58850.167585762,-0.10813979,-0.14288920,0.00424899,-0.98380405
58850109,20465,58850.181365264,-0.10816544,-0.14288604,0.00423401,-0.98380178
58850140,20466,58850.195143738,-0.10816279,-0.14281596,0.00427043,-0.98381209
58850156,20467,58850.222714489,-0.10813268,-0.14290662,0.00425276,-0.98380232
58850171,20468,58850.236510335,-0.10811076,-0.14285335,0.00423784,-0.98381251
58850187,20469,58850.250307372,-0.10813950,-0.14286904,0.00427684,-0.98380697
58850203,20470,58850.264098962,-0.10815225,-0.14285764,0.00418540,-0.98380756
58850218,20471,58850.277890731,-0.10817804,-0.14282396,0.00421594,-0.98380947
58850234,20472,58850.291684944,-0.10819501,-0.14289258,0.00432634,-0.98379713
58850250,20473,58850.305485349,-0.10815312,-0.14285783,0.00421056,-0.98380738
58850265,20474,58850.319284828,-0.10816550,-0.14289349,0.00431331,-0.98380035
58850265,20475,58850.333079141,-0.10815246,-0.14285092,0.00421291,-0.98380840
58850281,20476,58850.346879456,-0.10817815,-0.14283930,0.00427421,-0.98380697
58850296,20477,58850.360693477,-0.10812080,-0.14284737,0.00424564,-0.98381233
58850312,20478,58850.374503783,-0.10817868,-0.14281629,0.00428339,-0.98381025
58850328,20479,58850.388310743,-0.10812090,-0.14295134,0.00424739,-0.98379719
58850343,20480,58850.402113488,-0.10815609,-0.14289828,0.00424577,-0.98380107
58850359,20481,58850.415919410,-0.10818599,-0.14292336,0.00425202,-0.98379409
58850375,20482,58850.429730235,-0.10821430,-0.14281589,0.00432036,-0.98380619
58850375,20483,58850.443545306,-0.10818446,-0.14286034,0.00429930,-0.98380321
58850390,20484,58850.457362429,-0.10824337,-0.14285696,0.00431937,-0.98379707
58850406,20485,58850.471177432,-0.10816295,-0.14286485,0.00427309,-0.98380494
58850421,20486,58850.484990790,-0.10815834,-0.14282280,0.00432054,-0.98381138
58850437,20487,58850.498809993,-0.10816066,-0.14282854,0.00428898,-0.98381042
58850453,20488,58850.512629020,-0.10819852,-0.14286873,0.00427236,-0.98380047
58850468,20489,58850.526442273,-0.10813253,-0.14286040,0.00428859,-0.98380893
58850468,20490,58850.540268390,-0.10818620,-0.14285755,0.00430379,-0.98380339
58850484,20491,58850.554091784,-0.10816347,-0.14287888,0.00432735,-0.98380268
58850500,20492,58850.567912231,-0.10821465,-0.14290674,0.00434773,-0.98379284
58850515,20493,58850.581729793,-0.10816495,-0.14285360,0.00433223,-0.98380613
58850531,20494,58850.595545189,-0.10817400,-0.14283411,0.00426672,-0.98380822
58850546,20495,58850.609367197,-0.10817188,-0.14284797,0.00430038,-0.98380631
58850562,20496,58850.623190242,-0.10820202,-0.14282943,0.00426778,-0.98380589
58850578,20497,58850.637023758,-0.10813493,-0.14284572,0.00429322,-0.98381072
58850578,20498,58850.650851220,-0.10813358,-0.14291267,0.00428416,-0.98380125
58850593,20499,58850.664676927,-0.10813212,-0.14287888,0.00430179,-0.98380619
58850625,20500,58850.678503472,-0.10813023,-0.14288974,0.00428073,-0.98380488
58850625,20501,58850.692338553,-0.10812196,-0.14286964,0.00433629,-0.98380858
58850640,20502,58850.706172858,-0.10815164,-0.14284630,0.00433239,-0.98380864
58850656,20503,58850.720004241,-0.10812667,-0.14283308,0.00426567,-0.98381364
58850671,20504,58850.733834285,-0.10812983,-0.14283121,0.00426579,-0.98381352
58850687,20505,58850.747665401,-0.10812727,-0.14288592,0.00427584,-0.98380578
58850703,20506,58850.761504672,-0.10815783,-0.14286198,0.00426617,-0.98380595
58850718,20507,58850.775341822,-0.10817310,-0.14286998,0.00420964,-0.98380345
58850718,20508,58850.789190153,-0.10813089,-0.14285722,0.00428090,-0.98380959
58850734,20509,58850.803021787,-0.10822399,-0.14283614,0.00426268,-0.98380244
58850750,20510,58850.816868676,-0.10816099,-0.14288478,0.00426355,-0.98380226
58850765,20511,58850.830704348,-0.10815775,-0.14285088,0.00428955,-0.98380750
58850781,20512,58850.844550905,-0.10812540,-0.14286308,0.00432336,-0.98380911
58850796,20513,58850.865054578,-0.10819025,-0.14285676,0.00424766,-0.98380333
58850812,20514,58850.878943478,-0.10815993,-0.14284782,0.00429324,-0.98380768
58850828,20515,58850.892832678,-0.10812318,-0.14289944,0.00430702,-0.98380417
58850843,20516,58850.906721778,-0.10813041,-0.14282118,0.00428334,-0.98381484
58850859,20517,58850.920610678,-0.10815122,-0.14285958,0.00426755,-0.98380709
58850875,20518,58850.934499578,-0.10814613,-0.14290684,0.00430166,-0.98380059
58850875,20519,58850.948388478,-0.10820225,-0.14283141,0.00429011,-0.98380542
58850890,20520,58850.962277478,-0.10819271,-0.14284679,0.00432423,-0.98380411
58850906,20521,58850.976166578,-0.10818308,-0.14283589,0.00426569,-0.98380697
58850921,20522,58850.990055778,-0.10815397,-0.14286064,0.00429875,-0.98380649
58850937,20523,58851.003944778,-0.10817657,-0.14284594,0.00433104,-0.98380595
58850953,20524,58851.017833778,-0.10814138,-0.14283749,0.00426137,-0.98381138
58850968,20525,58851.031722678,-0.10813292,-0.14281893,0.00431074,-0.98381478
58850984,20526,58851.045611578,-0.10812619,-0.14284956,0.00429543,-0.98381114
58850984,20527,58851.059500478,-0.10815613,-0.14288425,0.00427493,-0.98380297
58851000,20528,58851.073389478,-0.10818117,-0.14285694,0.00427600,-0.98380405
58851031,20529,58851.087278678,-0.10813197,-0.14288603,0.00425419,-0.98380542
58851031,20530,58851.101167878,-0.10813288,-0.14283772,0.00424054,-0.98381239
58851046,20531,58851.115056878,-0.10812293,-0.14284916,0.00429764,-0.98381156
58851062,20532,58851.128945878,-0.10815071,-0.14284986,0.00430026,-0.98380840
58851078,20533,58851.142834978,-0.10815465,-0.14289455,0.00425395,-0.98380172
58851093,20534,58851.156724178,-0.10816938,-0.14287591,0.00433199,-0.98380238
58851109,20535,58851.170613278,-0.10817372,-0.14285921,0.00427257,-0.98380458
58851109,20536,58851.184502378,-0.10819381,-0.14287387,0.00431025,-0.98380011
58851125,20537,58851.198391278,-0.10815933,-0.14290826,0.00426631,-0.98379910
58851140,20538,58851.212280178,-0.10812970,-0.14285269,0.00427696,-0.98381042
58851156,20539,58851.226169078,-0.10812359,-0.14287671,0.00427736,-0.98380762
58851187,20540,58851.253947278,-0.10815807,-0.14289849,0.00422140,-0.98380077
58851203,20541,58851.267836278,-0.10814342,-0.14287803,0.00432523,-0.98380494
58851218,20542,58851.281725178,-0.10817996,-0.14291236,0.00430816,-0.98379612
58851234,20543,58851.295614078,-0.10815296,-0.14282395,0.00431244,-0.98381186
58851250,20544,58851.309503078,-0.10815109,-0.14286271,0.00426510,-0.98380667
58851250,20545,58851.323392078,-0.10815219,-0.14286184,0.00423757,-0.98380673
58851265,20546,58851.337281178,-0.10814110,-0.14287211,0.00429550,-0.98380619
58851281,20547,58851.351170278,-0.10811342,-0.14289856,0.00429866,-0.98380548
58851296,20548,58851.365059378,-0.10816701,-0.14286791,0.00430924,-0.98380399
58851312,20549,58851.378948478,-0.10813195,-0.14289780,0.00431461,-0.98380339
58851328,20550,58851.392837478,-0.10812627,-0.14285612,0.00434122,-0.98380995
58851343,20551,58851.406726578,-0.10815509,-0.14285925,0.00434104,-0.98380637
58851359,20552,58851.420615478,-0.10813867,-0.14285314,0.00424844,-0.98380941
58851375,20553,58851.434504578,-0.10814790,-0.14284733,0.00427513,-0.98380911
58851375,20554,58851.448393478,-0.10812332,-0.14282571,0.00432099,-0.98381478
58851390,20555,58851.462282578,-0.10814033,-0.14283481,0.00427267,-0.98381186
58851406,20556,58851.476171778,-0.10813525,-0.14283116,0.00429227,-0.98381281
58851421,20557,58851.490060778,-0.10825054,-0.14287211,0.00424631,-0.98379439
58851437,20558,58851.503949678,-0.10816669,-0.14282630,0.00430730,-0.98381001
58851453,20559,58851.517838678,-0.10817008,-0.14282209,0.00430977,-0.98381031
58851468,20560,58851.531727678,-0.10817357,-0.14283812,0.00425812,-0.98380780
58851484,20561,58851.545616678,-0.10816893,-0.14279871,0.00430300,-0.98381382
58851500,20562,58851.559505578,-0.10814007,-0.14279911,0.00428575,-0.98381698
58851515,20563,58851.573394678,-0.10815657,-0.14286569,0.00434706,-0.98380518
58851515,20564,58851.587283678,-0.10813709,-0.14280608,0.00433367,-0.98381609
58851531,20565,58851.601172778,-0.10819249,-0.14282650,0.00428967,-0.98380727
58851546,20566,58851.615061678,-0.10818890,-0.14284925,0.00432307,-0.98380411
58851562,20567,58851.628950778,-0.10816387,-0.14282675,0.00431733,-0.98381025
58851578,20568,58851.642839778,-0.10816059,-0.14279769,0.00431388,-0.98381478
58851593,20569,58851.656728978,-0.10815673,-0.14279917,0.00429192,-0.98381513
58851609,20570,58851.670617878,-0.10818873,-0.14283124,0.00428080,-0.98380703
58851625,20571,58851.684506978,-0.10815253,-0.14284486,0.00432721,-0.98380876
58851625,20572,58851.698396078,-0.10811991,-0.14284964,0.00434945,-0.98381156
58851640,20573,58851.712285078,-0.10815516,-0.14281744,0.00428977,-0.98381263
58851656,20574,58851.726174178,-0.10811950,-0.14281064,0.00430823,-0.98381746
58851671,20575,58851.740063178,-0.10813740,-0.14286400,0.00432053,-0.98380762
58851687,20576,58851.753952278,-0.10811833,-0.14283414,0.00428888,-0.98381424
58851703,20577,58851.767841178,-0.10816631,-0.14284173,0.00429689,-0.98380780
58851703,20578,58851.781730178,-0.10816343,-0.14281124,0.00434451,-0.98381233
58851718,20579,58851.795619278,-0.10811097,-0.14283454,0.00434551,-0.98381478
58851734,20580,58851.809508378,-0.10813899,-0.14283416,0.00434794,-0.98381174
58851750,20581,58851.823397278,-0.10813849,-0.14284651,0.00432391,-0.98381007
58851765,20582,58851.837286278,-0.10811105,-0.14287810,0.00429555,-0.98380864
58851781,20583,58851.851175278,-0.10814500,-0.14285995,0.00428597,-0.98380756
58851796,20584,58851.860339209,-0.10811347,-0.14288656,0.00428656,-0.98380727
58851812,20585,58851.874228109,-0.10816398,-0.14285752,0.00431362,-0.98380572
58851828,20586,58851.888117109,-0.10816520,-0.14287902,0.00431673,-0.98380250
58851843,20587,58851.902006009,-0.10816242,-0.14285766,0.00431055,-0.98380589
58851859,20588,58851.915895209,-0.10811704,-0.14286271,0.00427338,-0.98381031
58851875,20589,58851.929784309,-0.10810984,-0.14289632,0.00425102,-0.98380631
58851890,20590,58851.943673409,-0.10815684,-0.14286749,0.00427093,-0.98380530
58851906,20591,58851.957562309,-0.10814989,-0.14287135,0.00426765,-0.98380548
58851906,20592,58851.971452909,-0.10820074,-0.14286670,0.00429918,-0.98380041
58851921,20593,58851.985342009,-0.10813727,-0.14287370,0.00429384,-0.98380637
58851937,20594,58851.999230909,-0.10808146,-0.14285608,0.00432151,-0.98381501
58851953,20595,58852.013119809,-0.10808271,-0.14283887,0.00429204,-0.98381752
58851968,20596,58852.027008709,-0.10807330,-0.14284982,0.00434696,-0.98381668
58851984,20597,58852.040897909,-0.10808334,-0.14285390,0.00424716,-0.98381543
58852000,20598,58852.054787009,-0.10809720,-0.14283942,0.00428958,-0.98381579
58852000,20599,58852.068676009,-0.10809641,-0.14286633,0.00429475,-0.98381191
58852015,20600,58852.082565209,-0.10812469,-0.14289686,0.00427711,-0.98380452
58852031,20601,58852.096454109,-0.10810833,-0.14288679,0.00430161,-0.98380762
58852046,20602,58852.110343309,-0.10808652,-0.14288847,0.00427196,-0.98380995
58852062,20603,58852.124232309,-0.10806669,-0.14286871,0.00421830,-0.98381519
58852078,20604,58852.138121509,-0.10805769,-0.14292778,0.00422174,-0.98380762
58852093,20605,58852.152010709,-0.10805351,-0.14287142,0.00422770,-0.98381621
58852093,20606,58852.165899809,-0.10812834,-0.14284812,0.00425604,-0.98381126
58852109,20607,58852.179789009,-0.10810233,-0.14286658,0.00429629,-0.98381126
58852125,20608,58852.193678009,-0.10805719,-0.14287288,0.00427049,-0.98381549
58852140,20609,58852.207567009,-0.10807150,-0.14286070,0.00432835,-0.98381537
58852156,20610,58852.221455909,-0.10804768,-0.14286429,0.00431893,-0.98381746
58852171,20611,58852.235345109,-0.10805809,-0.14290816,0.00422449,-0.98381037
58852187,20612,58852.249234309,-0.10808342,-0.14287707,0.00424698,-0.98381203
58852203,20613,58852.263123509,-0.10811404,-0.14284624,0.00427079,-0.98381305
58852234,20615,58852.300266209,-0.10809650,-0.14290294,0.00426099,-0.98380685
58852250,20616,58852.314155409,-0.10812372,-0.14287430,0.00426640,-0.98380792
58852265,20617,58852.328044609,-0.10810265,-0.14292596,0.00425129,-0.98380286
58852281,20618,58852.341933509,-0.10810169,-0.14283797,0.00425757,-0.98381561
58852296,20619,58852.355822609,-0.10814645,-0.14285916,0.00429530,-0.98380750
58852296,20620,58852.369711509,-0.10809803,-0.14286317,0.00425964,-0.98381239
58852312,20621,58852.383600409,-0.10809302,-0.14290810,0.00427616,-0.98380637
58852328,20622,58852.397489509,-0.10812186,-0.14288649,0.00426748,-0.98380637
58852343,20623,58852.411378609,-0.10809627,-0.14285095,0.00429119,-0.98381424
58852359,20624,58852.425267609,-0.10811406,-0.14286806,0.00432200,-0.98380971
58852375,20625,58852.439156609,-0.10813107,-0.14291422,0.00428371,-0.98380131
58852390,20626,58852.453214278,-0.10808370,-0.14287426,0.00422498,-0.98381251
58852390,20627,58852.469163230,-0.10807092,-0.14285339,0.00430307,-0.98381662
58852406,20628,58852.483052330,-0.10810168,-0.14282170,0.00430406,-0.98381788
58852421,20629,58852.496941330,-0.10810447,-0.14286029,0.00428865,-0.98381203
58852437,20630,58852.510830530,-0.10815261,-0.14282456,0.00429610,-0.98381186
58852453,20631,58852.524719630,-0.10816488,-0.14284047,0.00423883,-0.98380852
58852468,20632,58852.538608730,-0.10809729,-0.14285958,0.00426288,-0.98381305
58852484,20633,58852.552497730,-0.10810796,-0.14286208,0.00422735,-0.98381168
58852500,20634,58852.570326464,-0.10810182,-0.14288245,0.00427821,-0.98380917
58852515,20635,58852.588064160,-0.10814060,-0.14288497,0.00428490,-0.98380446
58852531,20636,58852.605739336,-0.10818832,-0.14289400,0.00425329,-0.98379809
58852546,20637,58852.623378672,-0.10810661,-0.14288820,0.00428255,-0.98380768
58852562,20638,58852.638855800,-0.10817912,-0.14285575,0.00428834,-0.98380440
58852578,20639,58852.652745000,-0.10811168,-0.14289606,0.00425417,-0.98380613
58852578,20640,58852.666634100,-0.10811149,-0.14286919,0.00420069,-0.98381031
58852593,20641,58852.680523100,-0.10810332,-0.14286001,0.00423464,-0.98381239
58852609,20642,58852.694412000,-0.10821973,-0.14288858,0.00429756,-0.98379517
58852625,20643,58852.708301100,-0.10817391,-0.14288794,0.00428475,-0.98380035
58852640,20644,58852.722190100,-0.10814907,-0.14286417,0.00423840,-0.98380673
58852656,20645,58852.736079100,-0.10814594,-0.14286107,0.00423821,-0.98380750
58852671,20646,58852.749968300,-0.10818762,-0.14281929,0.00426914,-0.98380893
58852671,20647,58852.763857200,-0.10819161,-0.14287421,0.00420942,-0.98380077
58852687,20648,58852.777746200,-0.10813358,-0.14284161,0.00430355,-0.98381150
58852703,20649,58852.791635200,-0.10821775,-0.14284667,0.00428309,-0.98380154
58852718,20650,58852.805524400,-0.10814628,-0.14288622,0.00428454,-0.98380363
58852734,20651,58852.819413500,-0.10810013,-0.14287458,0.00431342,-0.98381037
58852750,20652,58852.833302600,-0.10823497,-0.14286627,0.00424784,-0.98379689
58852765,20653,58852.847191500,-0.10812553,-0.14284392,0.00414150,-0.98381269
58852781,20654,58852.861080600,-0.10813475,-0.14283517,0.00434646,-0.98381203
58852796,20655,58852.874969700,-0.10813955,-0.14291480,0.00423647,-0.98380041
58852796,20656,58852.888858800,-0.10812699,-0.14292791,0.00432215,-0.98379958
58852812,20657,58852.902747700,-0.10815109,-0.14287500,0.00423276,-0.98380500
58852828,20658,58852.916636800,-0.10813930,-0.14289820,0.00430893,-0.98380256
58852843,20659,58852.930525900,-0.10818413,-0.14281777,0.00430201,-0.98380935
58852859,20660,58852.944415000,-0.10816378,-0.14293166,0.00417263,-0.98379558
58852875,20661,58852.958304000,-0.10815002,-0.14293876,0.00428556,-0.98379564
58852906,20662,58852.972193000,-0.10811003,-0.14283282,0.00422278,-0.98381567
58852921,20663,58853.010841400,-0.10813238,-0.14294145,0.00429883,-0.98379707
58852937,20664,58853.024730300,-0.10809467,-0.14283277,0.00422348,-0.98381734
58852953,20665,58853.038619400,-0.10809205,-0.14290760,0.00428261,-0.98380649
58852968,20666,58853.052508300,-0.10808227,-0.14290643,0.00428533,-0.98380774
58852984,20667,58853.066397300,-0.10816222,-0.14286120,0.00428897,-0.98380548
58853000,20668,58853.080286300,-0.10811108,-0.14296117,0.00422606,-0.98379689
58853015,20669,58853.094175500,-0.10814282,-0.14290205,0.00431107,-0.98380166
58853015,20670,58853.108064500,-0.10807449,-0.14290482,0.00429890,-0.98380882
58853031,20671,58853.121953600,-0.10823203,-0.14287286,0.00428110,-0.98379624
58853046,20672,58853.135842800,-0.10812317,-0.14283505,0.00424860,-0.98381382
58853062,20673,58853.149731800,-0.10808545,-0.14291453,0.00422456,-0.98380643
58853078,20674,58853.163620800,-0.10811616,-0.14286567,0.00424873,-0.98381013
58853093,20675,58853.177510000,-0.10811961,-0.14286375,0.00424309,-0.98381001
58853109,20676,58853.191201917,-0.10807441,-0.14287806,0.00432830,-0.98381257
58853125,20677,58853.204636662,-0.10811505,-0.14283606,0.00431547,-0.98381424
58853140,20678,58853.218096174,-0.10818594,-0.14291678,0.00435391,-0.98379451
58853156,20679,58853.231543008,-0.10808409,-0.14284092,0.00428111,-0.98381710
58853171,20680,58853.245010900,-0.10813392,-0.14286296,0.00421699,-0.98380876
58853187,20681,58853.258483134,-0.10808270,-0.14288992,0.00426727,-0.98381013
58853187,20682,58853.271969926,-0.10810847,-0.14287849,0.00431126,-0.98380882
58853203,20683,58853.285477941,-0.10811643,-0.14285281,0.00425244,-0.98381191
58853218,20684,58853.298959126,-0.10811166,-0.14283718,0.00428983,-0.98381454
58853234,20685,58853.312469722,-0.10814726,-0.14283592,0.00433646,-0.98381066
58853250,20686,58853.325977670,-0.10807801,-0.14284660,0.00428465,-0.98381686
58853265,20687,58853.339491913,-0.10810582,-0.14285749,0.00429381,-0.98381227
58853265,20688,58853.353012933,-0.10814425,-0.14293182,0.00431583,-0.98379713
58853281,20689,58853.366544708,-0.10805779,-0.14284053,0.00435629,-0.98381972
58853296,20690,58853.380101363,-0.10805880,-0.14281328,0.00431778,-0.98382372
58853312,20691,58853.393655380,-0.10817531,-0.14282101,0.00429393,-0.98380995
58853328,20692,58853.407218178,-0.10814330,-0.14282489,0.00425482,-0.98381299
58853359,20693,58853.420781539,-0.10815168,-0.14285108,0.00429640,-0.98380810
58853375,20694,58853.448100026,-0.10812087,-0.14286964,0.00421980,-0.98380911
58853375,20695,58853.461679209,-0.10807664,-0.14285082,0.00428101,-0.98381650
58853390,20696,58853.475289739,-0.10807692,-0.14286311,0.00424755,-0.98381478
58853406,20697,58853.488831308,-0.10810761,-0.14282556,0.00424417,-0.98381686
58853421,20698,58853.502373296,-0.10809403,-0.14281151,0.00431215,-0.98382008
58853437,20699,58853.515969768,-0.10811017,-0.14290398,0.00423238,-0.98380530
58853453,20700,58853.529563249,-0.10815082,-0.14283274,0.00425046,-0.98381108
58853468,20701,58853.543176215,-0.10806344,-0.14288397,0.00431698,-0.98381293
58853484,20702,58853.556785617,-0.10810751,-0.14282973,0.00427542,-0.98381615
58853484,20703,58853.570409783,-0.10807873,-0.14290236,0.00421309,-0.98380899
58853515,20704,58853.583808029,-0.10807604,-0.14285192,0.00416650,-0.98381686
58853546,20705,58853.611348968,-0.10810322,-0.14288002,0.00420634,-0.98380965
58853562,20706,58853.638954442,-0.10810844,-0.14287360,0.00423742,-0.98380989
58853578,20707,58853.652843642,-0.10816716,-0.14290439,0.00428073,-0.98379868
58853593,20708,58853.666732742,-0.10814577,-0.14285272,0.00418927,-0.98380905
58853609,20709,58853.680621742,-0.10810765,-0.14284940,0.00417677,-0.98381376
58853625,20710,58853.694510742,-0.10810242,-0.14287587,0.00420773,-0.98381031
58853625,20711,58853.708399742,-0.10817332,-0.14287129,0.00421845,-0.98380315
58853640,20712,58853.722288742,-0.10814787,-0.14283741,0.00420854,-0.98381096
58853656,20713,58853.736177842,-0.10812023,-0.14290443,0.00422259,-0.98380417
58853671,20714,58853.750066842,-0.10809820,-0.14287488,0.00420405,-0.98381090
58853687,20715,58853.765847871,-0.10813628,-0.14286734,0.00420142,-0.98380786
58853703,20716,58853.779736971,-0.10813623,-0.14290710,0.00421809,-0.98380202
58853718,20717,58853.797851986,-0.10813187,-0.14287183,0.00420834,-0.98380762
58853734,20718,58853.811741086,-0.10807551,-0.14288673,0.00428650,-0.98381132
58853765,20719,58853.839518886,-0.10816023,-0.14286681,0.00418780,-0.98380530
58853781,20720,58853.853407786,-0.10812691,-0.14286700,0.00418757,-0.98380899
58853796,20721,58853.867296886,-0.10816677,-0.14287136,0.00418318,-0.98380393
58853812,20722,58853.899092168,-0.10812309,-0.14289279,0.00426593,-0.98380536
58853828,20723,58853.913631600,-0.10811947,-0.14289701,0.00420198,-0.98380536
58853843,20724,58853.927520600,-0.10809480,-0.14290592,0.00418606,-0.98380691
58853859,20725,58853.941409800,-0.10817701,-0.14286685,0.00422004,-0.98380333
58853890,20726,58853.969187700,-0.10812934,-0.14281949,0.00427550,-0.98381519
58853906,20727,58853.983076800,-0.10811809,-0.14282721,0.00433016,-0.98381507
58853906,20728,58853.996965900,-0.10812811,-0.14288703,0.00426737,-0.98380560
58853921,20729,58854.010855100,-0.10809394,-0.14291053,0.00426323,-0.98380595
58853937,20730,58854.024744200,-0.10813942,-0.14284027,0.00425522,-0.98381126
58853953,20731,58854.038633200,-0.10814033,-0.14280120,0.00423712,-0.98381692
58853968,20732,58854.052522100,-0.10810150,-0.14283557,0.00427220,-0.98381603
58853984,20733,58854.066411200,-0.10816922,-0.14282188,0.00419323,-0.98381084
58854000,20734,58854.080300100,-0.10811935,-0.14284462,0.00428153,-0.98381269
58854015,20735,58854.094189200,-0.10816619,-0.14280725,0.00423969,-0.98381317
58854031,20736,58854.108078200,-0.10816376,-0.14283934,0.00428722,-0.98380858
58854031,20737,58854.121967200,-0.10825710,-0.14286715,0.00419109,-0.98379463
58854046,20738,58854.135856300,-0.10819661,-0.14288840,0.00430936,-0.98379767
58854078,20739,58854.149745200,-0.10824234,-0.14287312,0.00422817,-0.98379517
58854078,20740,58854.163634200,-0.10816191,-0.14290236,0.00427110,-0.98379964
58854093,20741,58854.177523200,-0.10816176,-0.14281000,0.00428939,-0.98381305
58854109,20742,58854.191412300,-0.10816836,-0.14285977,0.00425604,-0.98380518
58854125,20743,58854.205301400,-0.10813370,-0.14290382,0.00419400,-0.98380286
58854140,20744,58854.219190600,-0.10819773,-0.14281349,0.00425854,-0.98380864
58854187,20745,58854.233079600,-0.10815902,-0.14288524,0.00427970,-0.98380244
58854187,20746,58854.283651200,-0.10822280,-0.14281398,0.00425276,-0.98380589
58854203,20747,58854.297540200,-0.10825538,-0.14289276,0.00428011,-0.98379076
58854218,20748,58854.311429100,-0.10815520,-0.14286491,0.00417635,-0.98380625
58854234,20749,58854.325318000,-0.10822995,-0.14286047,0.00422907,-0.98379838
58854250,20750,58854.339206900,-0.10821795,-0.14285159,0.00431178,-0.98380065
58854265,20751,58854.353096000,-0.10814388,-0.14285430,0.00425540,-0.98380876
58854281,20752,58854.366985100,-0.10819250,-0.14290541,0.00420280,-0.98379618
58854296,20753,58854.380874200,-0.10818937,-0.14285406,0.00426245,-0.98380363
58854312,20754,58854.394763200,-0.10821754,-0.14294256,0.00432849,-0.98378748
58854328,20755,58854.408652300,-0.10823724,-0.14280438,0.00417732,-0.98380595
58854328,20756,58854.422541500,-0.10819485,-0.14282359,0.00420350,-0.98380774
58854343,20757,58854.436430400,-0.10819533,-0.14286819,0.00417694,-0.98380136
58854359,20758,58854.450319300,-0.10819121,-0.14285983,0.00421706,-0.98380291
58854375,20759,58854.464208500,-0.10825212,-0.14283997,0.00418406,-0.98379916
58854390,20760,58854.478097400,-0.10818067,-0.14284897,0.00417060,-0.98380578
58854406,20761,58854.491986400,-0.10829902,-0.14283878,0.00422413,-0.98379397
58854421,20762,58854.505875300,-0.10826126,-0.14291720,0.00423965,-0.98378670
58854437,20763,58854.519764200,-0.10817051,-0.14286901,0.00428762,-0.98380345
58854453,20764,58854.533653100,-0.10822270,-0.14281318,0.00416725,-0.98380631
58854453,20765,58854.547542200,-0.10820799,-0.14287163,0.00425473,-0.98379916
58854468,20766,58854.560889331,-0.10825876,-0.14279792,0.00424123,-0.98380435
58854484,20767,58854.574473169,-0.10818015,-0.14287318,0.00420912,-0.98380214
58854500,20768,58854.588362269,-0.10826587,-0.14281131,0.00416868,-0.98380184
58854515,20769,58854.602251169,-0.10822694,-0.14286946,0.00420569,-0.98379761
58854531,20770,58854.616140269,-0.10822883,-0.14280553,0.00429903,-0.98380625
58854546,20771,58854.630029169,-0.10827911,-0.14279482,0.00419289,-0.98380268
58854562,20772,58854.643918169,-0.10823715,-0.14286181,0.00423134,-0.98379749
58854578,20773,58854.657807069,-0.10827290,-0.14287139,0.00420282,-0.98379219
58854593,20774,58854.671696169,-0.10824303,-0.14287582,0.00423392,-0.98379475
58854609,20775,58854.685585269,-0.10830960,-0.14284520,0.00424544,-0.98379183
58854609,20776,58854.699474369,-0.10822596,-0.14281005,0.00433819,-0.98380572
58854625,20777,58854.713363569,-0.10820928,-0.14286284,0.00427816,-0.98380017
58854640,20778,58854.727252669,-0.10827082,-0.14286490,0.00428892,-0.98379302
58854656,20779,58854.741141769,-0.10824188,-0.14285944,0.00428508,-0.98379701
58854671,20780,58854.755030669,-0.10827934,-0.14283738,0.00425366,-0.98379624
58854687,20781,58854.768919569,-0.10828631,-0.14280455,0.00424488,-0.98380023
58854703,20782,58854.782808569,-0.10822219,-0.14279461,0.00423675,-0.98380882
58854718,20783,58854.796697569,-0.10824551,-0.14279005,0.00426909,-0.98380673
58854734,20784,58854.810586669,-0.10825223,-0.14283578,0.00420748,-0.98379964
58854734,20785,58854.824475869,-0.10825047,-0.14289674,0.00421783,-0.98379093
58854750,20786,58854.838365069,-0.10825753,-0.14291404,0.00415123,-0.98378789
58854765,20787,58854.852254169,-0.10828018,-0.14291225,0.00418459,-0.98378563
58854781,20788,58854.866143269,-0.10823078,-0.14284252,0.00420276,-0.98380113
58854796,20789,58854.880032169,-0.10825838,-0.14278884,0.00427120,-0.98380548
58854812,20790,58854.893838582,-0.10822923,-0.14283018,0.00424579,-0.98380286
58854828,20791,58854.907727482,-0.10826477,-0.14282162,0.00427681,-0.98379999
58854843,20792,58854.921616382,-0.10826695,-0.14280765,0.00420737,-0.98380208
58854859,20793,58854.935505282,-0.10825010,-0.14282602,0.00427318,-0.98380107
58854875,20794,58854.949394382,-0.10820910,-0.14286505,0.00427808,-0.98379982
58854875,20795,58854.963283382,-0.10824768,-0.14285848,0.00418090,-0.98379689
58854890,20796,58854.977172482,-0.10827357,-0.14288804,0.00420177,-0.98378974
58854906,20797,58854.991061382,-0.10823752,-0.14286414,0.00428090,-0.98379683
58854921,20798,58855.004950382,-0.10823644,-0.14284027,0.00427296,-0.98380047
58854937,20799,58855.018839382,-0.10821630,-0.14289504,0.00418669,-0.98379505
58854953,20800,58855.032728582,-0.108212